Stop_Id_vhist,Stop_Name_vhist,boards,routes,cornell_card,cornell_override,cornell_card_share,cornell_any_observed_share
4737,Lake @ Kimberly,97,43,97,0,1.0,1.0
1348,Pleasant Grove ,31,37,31,0,1.0,1.0
171,Aurora @ State/,20,65,20,0,1.0,1.0
3761,Sprngbrk@Farrel,20,37,20,0,1.0,1.0
1301,Thurston @ Stew,19,92,19,0,1.0,1.0
3116,EShore@Waterwag,19,36,19,0,1.0,1.0
1126,Lake St at Itha,18,36,18,0,1.0,1.0
1331,McClintHall Acr,11,"37,81",11,0,1.0,1.0
3903,Hanshaw@Muriel,11,31,11,0,1.0,1.0
3936,Lab of Ornithol,11,31,11,0,1.0,1.0
4737,LakeRd@KmbrlyDr,11,43,11,0,1.0,1.0
4572,Lower Creek @ C,10,31,10,0,1.0,1.0
5794,Boiceville@Vall,8,52,8,0,1.0,1.0
4509,Dryd@ForestHome,7,43,7,0,1.0,1.0
4728,South@Ferguson,7,43,7,0,1.0,1.0
3761,Springbrook @ F,6,37,6,0,1.0,1.0
1317,Highlnd@Lakelnd,5,31,5,0,1.0,1.0
3752,Warren @ Dutch ,5,37,5,0,1.0,1.0
5541,SnydrHil@Sugarb,5,51,5,0,1.0,1.0
1315,Highland @ Wyck,4,31,4,0,1.0,1.0
5753,Sltrvl@Boicevil,4,52,4,0,1.0,1.0
1130,LakeSt@Boynton,3,36,3,0,1.0,1.0
1772,East Hill Offic,3,82,3,0,1.0,1.0
2337,EnfdMnRd@Bostwk,3,20,3,0,1.0,1.0
2582,Tbrg@Colegrove,3,21,3,0,1.0,1.0
5546,SnydrHil@Rgncy,3,51,3,0,1.0,1.0
1120,Auden Ithaca,2,36,2,0,1.0,1.0
1351,A Lot-UpperStop,2,81,2,0,1.0,1.0
1367,Tripham @ Iroq,2,32,2,0,1.0,1.0
1371,Northwy@Tripham,2,31,2,0,1.0,1.0
1708,State@Giles,2,52,2,0,1.0,1.0
1758,Pine Tree Rd @ ,2,51,2,0,1.0,1.0
3547,Cinema@Sheraton,2,32,2,0,1.0,1.0
3760,Warren @ Farrel,2,37,2,0,1.0,1.0
5538,SnyderHill@Trai,2,51,2,0,1.0,1.0
5539,SnyderHill@Trai,2,51,2,0,1.0,1.0
5752,Sltrvl@Boicevil,2,52,2,0,1.0,1.0
6351,Danby Town Hall,2,65,2,0,1.0,1.0
3115,EShore@Waterwag,1,36,1,0,1.0,1.0
3140,East Shore Dr @,1,36,1,0,1.0,1.0
3314,Trphamr@Asbury,1,36,1,0,1.0,1.0
3605,Triphammer @ Cr,1,36,1,0,1.0,1.0
3613,Triphammer @ Tr,1,36,1,0,1.0,1.0
3725,Warren at BOCES,1,37,1,0,1.0,1.0
3937,Lab of Ornithol,1,31,1,0,1.0,1.0
4352,Groton High Sch,1,43,1,0,1.0,1.0
5525,PinTre@EquesCtr,1,51,1,0,1.0,1.0
5542,SnydrHil@Sugarb,1,51,1,0,1.0,1.0
5738,Sltrvl@BsmrHill,1,52,1,0,1.0,1.0
5744,Sltrvl@SnydrHil,1,52,1,0,1.0,1.0
996,Guthrie - Ithac,1,17,1,0,1.0,1.0
1353,A Lot - Lower S,358,81,351,2,0.9804469273743017,0.9860335195530726
3761,Sbrook @ Farrel,182,37,178,0,0.978021978021978,0.978021978021978
1137,East Shore @ Ja,39,36,38,0,0.9743589743589743,0.9743589743589743
1543,Corson/Mudd,116,"32,37,40,43,51,52,81,82",113,0,0.9741379310344828,0.9741379310344828
3726,Dewitt MS,32,37,31,0,0.96875,0.96875
5752,Slaterville Rd ,31,52,30,0,0.967741935483871,0.967741935483871
171,Aurora @ State,370,65,358,5,0.9675675675675676,0.981081081081081
171,Aurora@State,58,65,56,0,0.9655172413793104,0.9655172413793104
3903,Hanshaw @ Murie,29,31,28,0,0.9655172413793104,0.9655172413793104
1347,PlsntGrv@Jessup,23,"37,81,92",22,0,0.9565217391304348,0.9565217391304348
2338,Enfield Main Rd,22,20,21,0,0.9545454545454546,0.9545454545454546
1332,McClintHall,526,"37,81,90",502,3,0.9543726235741445,0.9600760456273765
1772,E Hill Office,86,82,82,1,0.9534883720930233,0.9651162790697675
3900,Warren@Hanshaw,21,37,20,0,0.9523809523809523,0.9523809523809523
5560,EastHts@Landmrk,20,51,19,0,0.95,0.95
5541,Snyder Hill @ S,39,51,37,0,0.9487179487179487,0.9487179487179487
1353,A Lot,18985,81,18002,395,0.9482222807479589,0.9690281801422176
5561,EastrnHts@Joann,19,51,18,1,0.9473684210526315,1.0
1332,McClintock Hall,5706,"37,81,90,92",5397,140,0.9458464773922187,0.9703820539782685
1564,Campus@JuddFall,91,81,86,0,0.945054945054945,0.945054945054945
4735,Keith @ Lake,145,43,137,1,0.9448275862068966,0.9517241379310345
1363,Trip@OakHill,18,32,17,0,0.9444444444444444,0.9444444444444444
5715,Slater @ Lois,18,52,17,1,0.9444444444444444,1.0
1542,Kennedy,188,"20,21,32,37,40,43,51,52",177,2,0.9414893617021277,0.9521276595744681
1564,Campus @ Judd F,1255,81,1178,32,0.9386454183266932,0.9641434262948207
1122,Lake @ Lincoln,2656,36,2475,24,0.9318524096385542,0.9408885542168675
1330,Appel Commons,43926,"37,81,90,92",40823,1430,0.9293584665118608,0.9619132176842872
5560,Eastern Heights,324,51,301,13,0.9290123456790124,0.9691358024691358
3759,Warren @ Farrel,42,37,39,0,0.9285714285714286,0.9285714285714286
1342,Northcrs@Jessup,830,81,768,4,0.9253012048192771,0.9301204819277108
1353,A Lot-LowerStop,2412,81,2230,98,0.9245439469320066,0.9651741293532339
5561,Eastern Heights,131,51,121,1,0.9236641221374046,0.9312977099236641
4322,FreevilParkRide,26,40,24,0,0.9230769230769231,0.9230769230769231
1329,HelenNewmanHall,13,"37,81",12,0,0.9230769230769231,0.9230769230769231
1562,Campus @ Tower,4111,81,3790,126,0.9219168085623936,0.9525662855752858
1553,Boyce Thompson ,166,"32,37,40,43,51,52,81",153,0,0.9216867469879518,0.9216867469879518
1542,Kennedy Hall,40474,"20,21,32,37,40,43,51,52",37220,878,0.9196027079112516,0.941295646587933
3911,Salem@Birchwood,12,31,11,1,0.9166666666666666,1.0
1544,Bradfield Hall,11946,"20,21,32,37,40,43,51,52",10905,275,0.9128578603716725,0.9358781181985601
1344,Robert Purcell ,768,30,700,7,0.9114583333333334,0.9205729166666666
6349,Danby Fire Stat,158,65,144,3,0.9113924050632911,0.930379746835443
1545,BradfieldHal-Ac,383,"32,37,40,43,51,52,81",349,9,0.9112271540469974,0.9347258485639687
5787,BDale P+R,534,52,486,2,0.9101123595505618,0.9138576779026217
1540,UrisHallAcross,4501,"20,21,31,32,37,40,43,51",4095,66,0.9097978227060654,0.9244612308375917
5721,Rt79@ParkLn WB,11,52,10,0,0.9090909090909091,0.9090909090909091
1545,Bradfield Hall ,3530,"21,32,37,40,43,51,52,81",3205,80,0.9079320113314447,0.9305949008498584
1344,RPCC-Jessup,2333,30,2113,36,0.9057008144020574,0.9211315902271753
6524,NewflDep@WDanby,21,67,19,0,0.9047619047619048,0.9047619047619048
1535,Campus@Gates,31,31,28,1,0.9032258064516129,0.9354838709677419
1543,Corson-Mudd,1618,"21,32,37,40,43,51,52,81",1457,41,0.9004944375772559,0.9258343634116193
5552,Skyvue@SnyHill,50,51,45,1,0.9,0.92
1772,EHOB,10,82,9,0,0.9,0.9
1119,Auden Ithaca,553,36,497,6,0.8987341772151899,0.9095840867992767
1343,RPCC-Jessup,1810,"30,81,90",1625,61,0.8977900552486188,0.9314917127071823
1362,Triphammer @ Oa,172,32,154,1,0.8953488372093024,0.9011627906976745
1345,Jessup@PleasGrv,1140,"30,81,90",1020,30,0.8947368421052632,0.9210526315789473
1372,Triphamr@Nrthwy,95,"31,32",85,6,0.8947368421052632,0.9578947368421052
1368,Tripham @ Iroq,19,32,17,0,0.8947368421052632,0.8947368421052632
1536,Hoy @ Hoy Field,512,82,458,14,0.89453125,0.921875
1771,EHOB,198,82,177,3,0.8939393939393939,0.9090909090909091
1345,Jessup @ Pleasa,300,"30,81",268,4,0.8933333333333333,0.9066666666666666
2337,Enfield Main Rd,28,20,25,0,0.8928571428571429,0.8928571428571429
1540,Uris Hall Acros,36818,"20,21,31,32,37,40,43,51",32824,1135,0.8915204519528491,0.9223477646803194
1525,Rockefeller Hl,5151,"30,31,32,36,37,81,90",4589,131,0.8908949718501262,0.9163269268103281
1771,E Hill Office,2124,82,1892,26,0.8907721280602636,0.9030131826741996
1546,Dairy Bar Acros,28215,"20,21,32,37,40,43,51,52",25100,700,0.8895977317029948,0.9144072301967039
1553,BTI,641,"32,37,40,43,51,52,81",570,13,0.8892355694227769,0.9095163806552262
4728,South @ Ferguso,9,43,8,0,0.8888888888888888,0.8888888888888888
1556,Vet Medical Cen,170,"40,43",151,6,0.888235294117647,0.9235294117647059
1346,Jessup@PleasGrv,1619,30,1438,19,0.8882025941939469,0.8999382334774553
1754,Maplewood Apts,26304,"51,82",23359,358,0.8880398418491484,0.9016499391727494
1344,RPCC,24735,30,21938,848,0.8869213664847382,0.921204770568021
1543,Corson/Mudd Hal,16783,"20,21,32,37,40,43,51,52",14882,429,0.8867306202705119,0.9122922004409224
1553,Boyce Thomp,7227,"32,37,40,43,51,52,81,82",6404,160,0.8861214888612149,0.9082606890826069
1343,Robert Purcell ,446,"30,81,90",395,9,0.8856502242152466,0.905829596412556
1769,CISER,43,82,38,0,0.8837209302325582,0.8837209302325582
1327,Cradit Farm @ T,1417,"37,81,92",1250,51,0.8821453775582216,0.918136908962597
5787,Brktndale Pk/Ri,59,52,52,3,0.8813559322033898,0.9322033898305084
5545,Regency @ Snyde,109,51,96,0,0.8807339449541285,0.8807339449541285
1314,Highland @ Wyck,25,31,22,0,0.88,0.88
1755,Dryden@Pine Tre,25,"32,82",22,1,0.88,0.92
3309,Asbury @ Armstr,33,37,29,0,0.8787878787878788,0.8787878787878788
3516,Tripham@Spruce,115,"30,32",101,2,0.8782608695652174,0.8956521739130435
5559,Eastern Heights,228,51,200,13,0.8771929824561403,0.9342105263157895
1349,Hasbrouck Apts,11933,"81,92",10464,407,0.8768960026816391,0.9110031006452695
3548,Cinema@Sheraton,276,32,242,13,0.8768115942028986,0.9239130434782609
1360,Triphammer @ Co,3165,32,2775,69,0.8767772511848341,0.8985781990521327
1348,PleasGrove@Jess,453,37,397,5,0.8763796909492274,0.8874172185430463
3116,East Shore Dr @,97,36,85,1,0.8762886597938144,0.8865979381443299
1331,McClintock Hall,113,"37,81,92",99,5,0.8761061946902655,0.9203539823008849
1327,Cradit@Thurston,152,"37,81",133,3,0.875,0.8947368421052632
1315,Highland@Wyckof,16,31,14,2,0.875,1.0
5779,BdaleRd@Besem,16,52,14,0,0.875,0.875
1126,Lake @ IHS,569,"13,36",497,9,0.8734622144112478,0.8892794376098418
1342,Northcross @ Je,7537,81,6577,235,0.8726283667241608,0.9038078811198089
1345,Jess@PleasGrove,10878,"30,81,90",9487,370,0.8721272292700865,0.9061408347122633
3313,Triphammer @ As,86,36,75,0,0.872093023255814,0.872093023255814
1771,East Hill Offic,70,82,61,0,0.8714285714285714,0.8714285714285714
1343,RPCC,15068,"30,81,90",13126,751,0.8711176002123706,0.9209583222723653
1754,Maplewd Apts,2794,82,2433,25,0.8707945597709377,0.8797423049391553
6524,Newfield Depot ,170,67,148,1,0.8705882352941177,0.8764705882352941
4562,Etna @ Pinckney,46,31,40,2,0.8695652173913043,0.9130434782608695
1346,Jessup @ Pleasa,594,30,516,13,0.8686868686868687,0.8905723905723906
1349,HasbrouckApts,1348,"81,92",1169,28,0.8672106824925816,0.8879821958456974
722,Warren Pl @ Hoo,60,14,52,1,0.8666666666666667,0.8833333333333333
1525,Rockefeller Hal,51806,"30,31,32,36,37,81,90",44836,2276,0.8654595992742153,0.9093927344323052
1555,Vet School,10595,"20,21,32,37,40,43,51,52",9168,396,0.8653138272770174,0.902689948088721
900,Cayug@Cascadill,37,17,32,0,0.8648648648648649,0.8648648648648649
5712,Slaterville Rd ,220,51,190,2,0.8636363636363636,0.8727272727272727
1130,Lake St at Boyn,73,"13,36",63,5,0.863013698630137,0.9315068493150684
1360,Triphamr@CntryC,377,32,325,10,0.8620689655172413,0.8885941644562334
135,Green@Fayette,58,"20,21",50,0,0.8620689655172413,0.8620689655172413
4724,South @ Union,216,43,186,0,0.8611111111111112,0.8611111111111112
1346,Jess@PleasGrove,15531,30,13373,463,0.8610520893696478,0.8908634344214796
1326,Risley-Shelter,3093,"30,31,32,37,81,90,92",2658,99,0.8593598448108632,0.8913676042677012
3548,Cinema @ Sherat,2103,32,1807,47,0.85924869234427,0.8815977175463623
1530,Anab Taylr Hall,1322,"30,51,81,90",1135,42,0.8585476550680786,0.8903177004538578
3726,Dewitt Middle S,373,37,320,2,0.8579088471849866,0.8632707774798928
3716,Hanshaw@Blackst,56,"31,37",48,4,0.8571428571428571,0.9285714285714286
1328,Balch-CraditFrm,14,"37,81,90,92",12,2,0.8571428571428571,1.0
3915,Winston Court A,14,31,12,0,0.8571428571428571,0.8571428571428571
3902,Hanshaw@Warren,7,31,6,0,0.8571428571428571,0.8571428571428571
4322,Freeville Park ,7,40,6,0,0.8571428571428571,0.8571428571428571
5545,Rgncy@SnydrHil,7,51,6,1,0.8571428571428571,1.0
1547,Dairy Bar,9503,"21,32,37,40,43,51,52,81",8128,217,0.8553088498368936,0.8781437440808166
1774,EHP,1407,"51,82",1203,6,0.8550106609808102,0.8592750533049041
103,Tioga @ Court,32752,10,27925,830,0.8526196873473376,0.8779616511968735
1754,Maple @ Veteran,826,82,704,2,0.8523002421307506,0.8547215496368039
1722,Stewart@Seneca,168,"10,21,40,43,67",143,4,0.8511904761904762,0.875
4506,Dryden@GameFarm,47,"40,43",40,2,0.851063829787234,0.8936170212765957
3722,Warren @ Christ,86,37,73,0,0.8488372093023255,0.8488372093023255
5794,Boiceville @ Va,144,52,122,0,0.8472222222222222,0.8472222222222222
1372,Triphammer @ No,711,"31,32",602,22,0.8466947960618847,0.8776371308016878
1708,State/MLK @ Gil,13,52,11,0,0.8461538461538461,0.8461538461538461
2564,Tbrg@Woolf,13,21,11,0,0.8461538461538461,0.8461538461538461
913,Lincoln @ Cayug,400,17,338,11,0.845,0.8725
3740,WarrenRd@DartDr,70,"32,37",59,5,0.8428571428571429,0.9142857142857143
1524,GoldwinSmithHl,4298,"10,30,31,32,36,37,81,90",3621,142,0.842484876686831,0.8755234993020009
1524,Goldwin Smith H,1286,"10,30,31,32,36,37,81,90",1083,25,0.8421461897356143,0.8615863141524106
1511,Boldt,76,10,64,0,0.8421052631578947,0.8421052631578947
1702,State@Stewart,271,"10,21,30,32,37,40,43,51",228,1,0.8413284132841329,0.8450184501845018
1541,Uris Hall,23932,"20,21,32,37,40,43,51,52",20117,822,0.8405900050142069,0.874937322413505
356,Aurora @ Hillvi,69,65,58,3,0.8405797101449275,0.8840579710144928
1701,State@Stewart,1528,"21,30,32,36,37,40,43,51",1284,28,0.8403141361256544,0.8586387434554974
1725,Stewart@William,242,"20,21,36,40,43,52,65",203,16,0.8388429752066116,0.9049586776859504
1348,PlsntGrv@Jessup,62,37,52,2,0.8387096774193549,0.8709677419354839
3557,University Park,62,32,52,0,0.8387096774193549,0.8387096774193549
105,Court @ Linn,17224,10,14391,470,0.8355202043660009,0.8628077101718532
1721,Stewart@Seneca,231,"20,21,36,40,43,52,65",193,5,0.8354978354978355,0.8571428571428571
3745,Northwoods Apts,566,32,472,16,0.833922261484099,0.8621908127208481
1358,Triphammer @ De,4591,32,3826,97,0.8333696362448269,0.8544979307340449
5547,Joanne @ Easter,102,51,85,9,0.8333333333333334,0.9215686274509803
1126,Lake St@IHS,54,"13,36",45,0,0.8333333333333334,0.8333333333333334
4723,South @ Union,12,43,10,0,0.8333333333333334,0.8333333333333334
2560,Tbrg@Dubois,6,21,5,0,0.8333333333333334,0.8333333333333334
3313,Trip@Asbury,6,36,5,0,0.8333333333333334,0.8333333333333334
1524,Goldwin Smith,38079,"10,30,31,32,36,37,81,90",31689,1538,0.83219097140156,0.8725806875180546
1316,Highlnd@Lakelnd,223,31,185,18,0.8295964125560538,0.9103139013452914
1326,Risley Hall - S,33295,"30,31,32,37,81,90,92",27521,1593,0.8265805676528007,0.874425589427842
3745,Northwood Apts,1221,32,1009,18,0.8263718263718264,0.8411138411138411
1314,Highland@Wyckof,92,31,76,4,0.8260869565217391,0.8695652173913043
1701,State/MLK @ Ste,17084,"17,20,21,30,32,36,37,40",14103,594,0.8255092484195738,0.8602786232732381
3512,Triphammer @ Ha,40,"31,32",33,0,0.825,0.825
3512,Trphammr@Hansh,131,"31,32",108,1,0.8244274809160306,0.8320610687022901
5548,SnydrHl@Hungrfd,34,51,28,0,0.8235294117647058,0.8235294117647058
5787,Brooktondale Pa,17,52,14,0,0.8235294117647058,0.8235294117647058
1530,Anabel Taylor H,13419,"30,51,81,90,92",11042,652,0.8228631045532454,0.8714509277889559
1533,Statler Hall,23013,"20,21,30,36,40,43,51,52",18908,1064,0.8216225611610829,0.8678572980489289
3716,Hanshaw @ Black,453,"31,37",372,21,0.8211920529801324,0.8675496688741722
1774,East Hill Plaza,405,"51,82",332,0,0.8197530864197531,0.8197530864197531
6781,Main @ Pearl,304,67,249,0,0.819078947368421,0.819078947368421
3900,Warren @ Hansha,232,37,190,2,0.8189655172413793,0.8275862068965517
1111,University @ Co,7513,10,6142,159,0.8175163050712099,0.8386796219885532
3917,Winston @ Rose ,87,31,71,5,0.8160919540229885,0.8735632183908046
1534,Sage Hall,57777,"10,20,21,30,31,36,40,43",47142,2113,0.8159302144451944,0.8525018606019696
1774,E Hill Plaza,13327,"51,82",10872,297,0.8157874990620545,0.8380730847152398
1721,Stewart @ Senec,2544,"20,21,36,40,43,52,65",2075,54,0.8156446540880503,0.83687106918239
1356,Jessup@Trphamr,1210,30,986,35,0.8148760330578513,0.843801652892562
1531,Carpenter,176,"30,51,82",143,2,0.8125,0.8238636363636364
3520,Triphmr@Winthro,176,"30,32",143,8,0.8125,0.8579545454545454
5549,SnyderHill@Dove,16,51,13,0,0.8125,0.8125
1358,Trphamr@Dearbrn,426,32,346,7,0.812206572769953,0.8286384976525821
1531,Carpenter Hall,27468,"30,51,81,82,90,92",22251,1751,0.8100698995194408,0.8738168050094656
913,Lincoln@Cayuga,52,17,42,6,0.8076923076923077,0.9230769230769231
1356,Jessup @ Tripha,18543,30,14970,701,0.8073127325675457,0.845116755649032
1329,Helen Newman Ha,119,"37,81,92",96,7,0.8067226890756303,0.865546218487395
1368,Triphammer @ Ir,1468,32,1181,34,0.8044959128065395,0.8276566757493188
3516,Triphammer @ Sp,1309,"30,32",1052,20,0.8036669213139801,0.8189457601222307
1325,Thurston@Balch,391,"30,31,32,90",314,18,0.80306905370844,0.8491048593350383
3915,Winston Ct,66,31,53,10,0.803030303030303,0.9545454545454546
1770,CISER,967,82,775,16,0.8014477766287487,0.8179937952430196
1767,Pine Tr@E Hil P,60,"51,52",48,2,0.8,0.8333333333333334
722,WarrenPl@Hook,15,14,12,2,0.8,0.9333333333333333
6721,Elmira Rd @ Enf,10,67,8,0,0.8,0.8
2333,EnfieldParkRide,5,20,4,0,0.8,0.8
2338,EnfdMnRd@Bostwk,5,20,4,0,0.8,0.8
4335,Groton@Peruvill,5,40,4,0,0.8,0.8
5760,Caroline Town H,5,52,4,0,0.8,0.8
744,Hector@Taylor,5,20,4,0,0.8,0.8
1347,PleasGrove@Jess,365,"37,81,92",291,22,0.7972602739726027,0.8575342465753425
673,Buffalo @ Fulto,813,"14S,21",648,17,0.7970479704797048,0.8179581795817958
1703,State@Quarry,2293,"17,30,32,37,40,43,51,52",1824,37,0.7954644570431749,0.8116005233318796
4322,Freeville P+R,229,40,182,2,0.7947598253275109,0.8034934497816594
519,Plain@Center,34,15,27,0,0.7941176470588235,0.7941176470588235
3712,Pleasant Grove ,266,"30,37",211,2,0.793233082706767,0.8007518796992481
1113,University @ La,15255,10,12051,333,0.7899705014749262,0.8117994100294985
5719,PineTree@Sltrvl,90,"51,52",71,0,0.7888888888888889,0.7888888888888889
1111,Univ@CornellAv,862,10,680,24,0.7888631090487239,0.8167053364269141
1725,Stewart @ Willi,2422,"20,21,36,40,43,52,65",1909,51,0.7881915772089183,0.8092485549132948
1549,Garden@Tower,1232,31,970,159,0.7873376623376623,0.9163961038961039
5552,Skyvue @ Snyder,803,51,632,37,0.7870485678704857,0.8331257783312578
5536,Honnss@IthRecWa,75,51,59,0,0.7866666666666666,0.7866666666666666
1556,Vet Med Center,14,"40,43",11,0,0.7857142857142857,0.7857142857142857
1511,Boldt Hall,21638,"10,36",16987,534,0.7850540715408079,0.8097328773454109
1751,Humphreys Servi,2208,"17,32,37,40,43,82",1733,39,0.7848731884057971,0.802536231884058
1703,State/MLK @ Qua,26060,"17,30,32,37,40,43,51,52",20392,896,0.7825019186492709,0.8168841135840368
1702,State/MLK @ Ste,2284,"10,20,21,30,32,36,37,40",1787,69,0.782399299474606,0.8126094570928196
1751,HumphrySvceBldg,301,"32,37,43,82",235,3,0.7807308970099668,0.7906976744186046
3712,PlstGrv@Hanshaw,855,"30,37",667,16,0.7801169590643274,0.7988304093567251
3524,Sheraton @ Trip,1574,32,1227,28,0.7795425667090216,0.7973316391359594
5753,Slaterville Rd ,27,52,21,0,0.7777777777777778,0.7777777777777778
1362,Trip@OakHill,18,32,14,0,0.7777777777777778,0.7777777777777778
1755,Dryden @ Pine T,215,"32,37,43,82",167,4,0.7767441860465116,0.7953488372093023
4516,Dryden@Freese,103,"40,43",80,1,0.7766990291262136,0.7864077669902912
1753,Maplewood Apts,488,82,378,9,0.7745901639344263,0.7930327868852459
1535,Campus @ Gates ,137,31,106,11,0.7737226277372263,0.8540145985401459
1756,Dryden @ Synchr,106,"32,40,43,82",82,3,0.7735849056603774,0.8018867924528302
5559,EastrnHts@Sharl,22,51,17,0,0.7727272727272727,0.7727272727272727
3512,Trip @ Hanshaw,1118,"31,32",860,43,0.7692307692307693,0.8076923076923077
3917,Winston@RoseHil,13,31,10,1,0.7692307692307693,0.8461538461538461
1113,University@Lake,1967,10,1513,52,0.7691916624300966,0.7956278596847992
1521,Milstein Hall,2640,"10,36",2026,79,0.7674242424242425,0.7973484848484849
3557,Univ Pk Apts,2910,32,2228,59,0.7656357388316152,0.7859106529209622
3553,Uptown Village ,1552,32,1188,29,0.7654639175257731,0.7841494845360825
3904,Muriel@Hanshaw,17,31,13,2,0.7647058823529411,0.8823529411764706
3712,PleasGrove@Hans,7651,"30,37",5849,196,0.7644752319958176,0.7900927983270161
523,Plain @ Wood,938,15,717,8,0.7643923240938166,0.7729211087420043
1316,Highland @ Lake,2003,31,1531,182,0.764353469795307,0.8552171742386421
900,Cayuga @ Cascad,245,"17,22",187,6,0.763265306122449,0.7877551020408163
4518,1062 Dryden Rd ,418,"40,43",319,5,0.7631578947368421,0.7751196172248804
906,Cayuga @ Tompki,673,"13,17",513,16,0.7622585438335809,0.7860326894502229
3936,Lab of O,50,31,38,7,0.76,0.9
5712,Sltrvil@TwrView,50,51,38,1,0.76,0.78
1722,Stewart @ Senec,1711,"10,20,21,36,40,43,52,65",1300,42,0.7597895967270601,0.7843366452367037
5536,Honness at Itha,694,51,527,36,0.7593659942363112,0.8112391930835735
133,McGraw House,203,15,154,5,0.7586206896551724,0.7832512315270936
786,TBurg @ Hopkins,29,21,22,2,0.7586206896551724,0.8275862068965517
906,Cayuga@Tompkins,70,17,53,2,0.7571428571428571,0.7857142857142857
2631,Tburg Park&Ride,139,21,105,0,0.7553956834532374,0.7553956834532374
4355,Peru Rd @ Hamil,57,"40,43",43,0,0.7543859649122807,0.7543859649122807
1325,Thurston at Bal,4909,"30,31,32,36,90",3703,307,0.7543287838663679,0.81686697901813
5549,Snyder Hill @ D,203,51,153,4,0.7536945812807881,0.7733990147783252
4516,Dryden Rd @ Fre,562,"40,43",422,2,0.7508896797153025,0.7544483985765125
3915,Winston Court,605,31,454,80,0.7504132231404959,0.8826446280991735
1530,Anabel Taylor,120,"30,51",90,4,0.75,0.7833333333333333
4561,Etna Rd @ Pinck,64,31,48,6,0.75,0.84375
3921,RoseHill@Muriel,16,31,12,1,0.75,0.8125
3764,VillageSolarN,12,37,9,0,0.75,0.75
5744,Slaterville Rd ,8,52,6,0,0.75,0.75
5785,Brktndale Store,8,52,6,1,0.75,0.875
1372,Tripham @ Nway,4,32,3,0,0.75,0.75
1768,Pine Tree at Ea,4,"51,52",3,0,0.75,0.75
661,Green @ Meadow,399,"20,21,22",299,9,0.7493734335839599,0.7719298245614035
3744,Warren @ Northw,2764,"32,37",2066,49,0.7474674384949349,0.7651953690303908
1717,Oak @ College,6874,82,5138,136,0.7474541751527495,0.7672388711085248
1361,Triphammer @ Co,83,32,62,2,0.7469879518072289,0.7710843373493976
1719,College @ Oak,36627,"30,51,90",27358,2120,0.7469353209381058,0.8048161192562864
3556,GasltVillagApts,304,32,227,8,0.7467105263157895,0.7730263157894737
3557,UniversityPkApt,268,32,200,1,0.746268656716418,0.75
5710,Honness @ Slate,224,51,167,2,0.7455357142857143,0.7544642857142857
5534,Grandview Park,43,51,32,3,0.7441860465116279,0.813953488372093
135,Green @ Fayette,886,"20,21",659,25,0.7437923250564334,0.7720090293453724
3911,Salem @ Birchwo,139,31,103,9,0.7410071942446043,0.8057553956834532
3524,Sheraton@Tripha,154,32,114,4,0.7402597402597403,0.7662337662337663
1368,Triphamr@Irqois,177,32,131,1,0.7401129943502824,0.7457627118644068
1716,SchwrtzPrfArCtr,1277,"30,51,90,92",942,93,0.7376664056382146,0.8104933437744715
3522,Trphmr@Kendal,171,"30,32",126,5,0.7368421052631579,0.7660818713450293
3762,VillageSolarS,133,37,98,1,0.7368421052631579,0.7443609022556391
1726,Stewart @ Willi,2255,"10,20,21,36,40,43,52,65",1656,62,0.7343680709534368,0.7618625277161862
3520,Triphammer @ Wi,854,"30,32",627,11,0.734192037470726,0.747072599531616
661,Green@Meadow,30,"20,21",22,2,0.7333333333333333,0.8
5542,Snyder Hill @ S,97,51,71,4,0.7319587628865979,0.7731958762886598
1711,College @ Mitch,9785,"30,51,90",7140,415,0.7296882984159427,0.772100153295861
3522,Triphammer at K,2395,"30,32",1746,62,0.72901878914405,0.7549060542797494
3314,Triphammer @ As,59,"36,37",43,0,0.7288135593220338,0.7288135593220338
1713,Mitchell @ Coll,2738,"17,32,37,40,43",1993,63,0.7279035792549307,0.7509130752373996
5796,BoiceviCottages,55,52,40,0,0.7272727272727273,0.7272727272727273
726,Warren Pl @ Sun,62,14,45,3,0.7258064516129032,0.7741935483870968
5548,Snyder Hill @ H,565,51,409,19,0.7238938053097345,0.7575221238938054
3553,UptownVillApt,180,32,130,6,0.7222222222222222,0.7555555555555555
1716,Schwartz Perfor,401,"30,51,90,92",289,36,0.7206982543640897,0.8104738154613467
3556,Gaslight Villag,2047,32,1473,41,0.7195896433805569,0.73961895456766
1752,Humphreys Servi,1550,"32,37,40,43,82",1109,47,0.7154838709677419,0.7458064516129033
1361,Triphamr@CntryC,7,32,5,1,0.7142857142857143,0.8571428571428571
1378,Nrthway@Parkway,7,31,5,1,0.7142857142857143,0.8571428571428571
1710,College@Mitchel,115,"30,51",82,4,0.7130434782608696,0.7478260869565218
1314,Highland@Wyck,832,31,593,68,0.7127403846153846,0.7944711538461539
3728,Warr@WarrWoodAp,52,37,37,1,0.7115384615384616,0.7307692307692307
5540,Tower View @ Sl,145,51,103,16,0.7103448275862069,0.8206896551724138
4518,Pineridge Apts,31,"40,43",22,3,0.7096774193548387,0.8064516129032258
1716,Schwartz CPA,13910,"30,51,81,90,92",9867,1297,0.7093457943925233,0.802588066139468
1376,The Parkway @ U,55,31,39,7,0.7090909090909091,0.8363636363636363
5746,Sltrvl@Lounsbry,17,52,12,0,0.7058823529411765,0.7058823529411765
1557,Vet Medical Cen,112,"40,43",79,3,0.7053571428571429,0.7321428571428571
1520,Milstein Hall,158,"36,92",111,27,0.7025316455696202,0.8734177215189873
1704,State@Quarry,177,"30,32,37,40,43,51",124,7,0.7005649717514124,0.7401129943502824
4570,Etna Mills Apts,205,40,143,1,0.697560975609756,0.7024390243902439
1715,Collegtwn Crsng,1069,"30,51,90",743,32,0.6950420954162769,0.724976613657624
3740,Warren @ Dart,434,"32,37",301,8,0.6935483870967742,0.7119815668202765
1355,Jessup @ Tripha,2208,"30,90",1529,165,0.6924818840579711,0.7672101449275363
5525,318 Pine Tree -,42,"51,52",29,1,0.6904761904761905,0.7142857142857143
4510,Dryd@ForestHome,135,"40,43",93,4,0.6888888888888889,0.7185185185185186
1711,College@Mitchel,814,"30,51,90",559,16,0.6867321867321867,0.7063882063882064
4510,Dryden Rd @ For,1445,"40,43",992,12,0.6865051903114187,0.6948096885813149
0,Undefined,39081,"10,11,13,14,14S,15,17,20",26829,2020,0.6864972748906119,0.7381847956807656
5531,Pine Tree @ Hon,545,"51,52",373,8,0.6844036697247706,0.6990825688073394
1310,Highland @ Thur,328,31,224,24,0.6829268292682927,0.7560975609756098
3762,Village Solars ,1118,37,763,13,0.682468694096601,0.6940966010733453
4506,Dryden Rd @ Gam,919,"40,43",625,13,0.6800870511425462,0.6942328618063112
1713,Mitchel@College,360,"32,37,40,43",244,6,0.6777777777777778,0.6944444444444444
2631,TBurg P+R,1170,"21,22",791,13,0.6760683760683761,0.6871794871794872
3511,Triphamr@Hansha,40,"31,32",27,3,0.675,0.75
5710,Honness@Sltrvl,49,51,33,0,0.673469387755102,0.673469387755102
1726,Stewart@William,262,"10,20,21,36,40,43,52,65",176,14,0.6717557251908397,0.7251908396946565
100,Ithaca Commons ,2147,"10,11,13,14,15,17,20,21",1437,51,0.6693060083837913,0.6930600838379134
4321,Freeville P+R,144,40,96,2,0.6666666666666666,0.6805555555555556
3601,Tripr@Graham,63,30,42,0,0.6666666666666666,0.6666666666666666
1747,Ithaca@Elmwood,42,"32,37,40",28,0,0.6666666666666666,0.6666666666666666
905,Tompkins @ Cayu,24,13,16,1,0.6666666666666666,0.7083333333333334
4568,Lower Crk @ Etn,12,31,8,0,0.6666666666666666,0.6666666666666666
1557,Vet Med Center,6,43,4,0,0.6666666666666666,0.6666666666666666
4522,Dryd@Trky Hill,6,"40,43",4,0,0.6666666666666666,0.6666666666666666
2568,Tbrg@Iradell,3,21,2,0,0.6666666666666666,0.6666666666666666
3555,GasltVillagApts,3,32,2,0,0.6666666666666666,0.6666666666666666
3722,WarrenRd@Chris,3,37,2,0,0.6666666666666666,0.6666666666666666
4521,Dryden Rd @ Tur,3,"40,43",2,0,0.6666666666666666,0.6666666666666666
4568,Etna Post Offic,3,31,2,0,0.6666666666666666,0.6666666666666666
3923,128 Muriel St,128,31,85,8,0.6640625,0.7265625
1715,CTown Crossing,10981,"30,51,90",7287,525,0.6636007649576541,0.7114106183407705
1752,HumphrySvceBldg,157,"32,37,40,43,82",104,7,0.6624203821656051,0.7070063694267515
1315,Highland@Wyck,68,31,45,2,0.6617647058823529,0.6911764705882353
4714,W Main @ Hilton,53,43,35,0,0.660377358490566,0.660377358490566
5719,Pine Tree @ Sla,642,"51,52",420,4,0.6542056074766355,0.660436137071651
1714,Catherine Commo,2060,"30,51,90",1345,121,0.6529126213592233,0.7116504854368932
1367,Triphammer @ Ir,54,32,35,0,0.6481481481481481,0.6481481481481481
3554,Uptown Village ,17,32,11,0,0.6470588235294118,0.6470588235294118
1710,College @ Mitch,963,"30,51,90",623,44,0.6469366562824507,0.6926272066458983
3921,Rose Hill @ Mur,144,31,93,23,0.6458333333333334,0.8055555555555556
1704,State/MLK @ Qua,1718,"30,32,37,40,43,51,52,90",1109,83,0.6455180442374855,0.6938300349243306
1746,Ithaca @ Elmwoo,543,"32,37,40,43",350,13,0.6445672191528545,0.6685082872928176
718,Haller @ Elm,108,14,69,8,0.6388888888888888,0.7129629629629629
3765,Village Solars ,72,37,46,1,0.6388888888888888,0.6527777777777778
531,Meadow @ Wood,429,"14S,15,67",274,1,0.6386946386946387,0.6410256410256411
100,Seneca Commons,64715,"10,11,13,14,15,17,20,21",41259,1732,0.6375492544232404,0.6643127559298463
4356,Peru Rd @ Hamil,80,"40,43",51,4,0.6375,0.6875
703,Chestnut @ Sunr,242,14,154,2,0.6363636363636364,0.6446280991735537
1310,Highlnd@Thurstn,33,31,21,0,0.6363636363636364,0.6363636363636364
1715,Collegetown Cro,492,"30,51",313,14,0.6361788617886179,0.6646341463414634
1753,Maplewd Apts,63,82,40,0,0.6349206349206349,0.6349206349206349
2560,Trumansburg Rd ,71,21,45,1,0.6338028169014085,0.647887323943662
5796,Boiceville Cott,515,52,326,9,0.6330097087378641,0.6504854368932039
3901,Hanshaw @ Warre,19,"31,37",12,1,0.631578947368421,0.6842105263157895
3790,Langmuir Lab,179,32,113,4,0.6312849162011173,0.6536312849162011
323,Hudson @ Pearsa,46,"11,65",29,0,0.6304347826086957,0.6304347826086957
3525,LansingWestApts,1118,30,704,13,0.629695885509839,0.6413237924865832
3525,Lansing West Ap,11540,30,7259,275,0.6290294627383015,0.6528596187175043
1378,Northway @ The ,43,31,27,2,0.627906976744186,0.6744186046511628
3728,Warren at Warre,724,37,454,10,0.6270718232044199,0.6408839779005525
5721,Slaterville Rd ,24,52,15,1,0.625,0.6666666666666666
1347,Pleasant Grove ,16,"37,81,92",10,1,0.625,0.6875
3511,Triphammer @ Ha,16,"31,32",10,0,0.625,0.625
753,Westhaven Road ,8,14,5,0,0.625,0.625
100,Commons-Seneca,7154,"10,11,13,14,15,17,20,21",4471,233,0.6249650545149567,0.6575342465753424
3560,Uptwn@WarrenwAp,543,32,339,14,0.6243093922651933,0.6500920810313076
5531,Pine Tr@Honness,125,"51,52",78,0,0.624,0.624
3765,Vill Solars N,1784,37,1110,23,0.6221973094170403,0.6350896860986547
165,Commons-GreenSt,7813,"11,13,14,17,20,21,30,32",4849,183,0.6206322795341098,0.6440547804940484
2333,Enfield P+R,123,20,76,3,0.6178861788617886,0.6422764227642277
165,Ithaca Commons ,2737,"11,14,17,20,21,30,32,36",1686,46,0.6160029229082937,0.6328096455973694
4375,Groton Town Hal,313,"40,43",192,5,0.6134185303514377,0.6293929712460063
5779,Brooktondale Rd,106,52,65,0,0.6132075471698113,0.6132075471698113
1746,Ithaca@Elmwood,49,"32,37",30,2,0.6122448979591837,0.6530612244897959
3765,VillageSolarN,205,37,125,2,0.6097560975609756,0.6195121951219512
3909,Salem @ Maplewo,421,31,256,42,0.6080760095011877,0.7078384798099763
519,Plain @ Center,355,15,215,2,0.6056338028169014,0.6112676056338028
1747,Ithaca @ Elmwoo,453,"32,37,43",274,10,0.6048565121412803,0.6269315673289183
165,Green Commons,86102,"11,13,14,17,20,21,22,30",51896,2841,0.6027269982114236,0.6357227474390839
5546,Snyder Hill @ R,30,51,18,5,0.6,0.7666666666666667
3154,Lansing Middle ,5,36,3,0,0.6,0.6
3764,Village Solars ,5,37,3,0,0.6,0.6
5526,PinTre@EquesCtr,5,51,3,1,0.6,0.8
905,Tompkins@Cayuga,5,13,3,1,0.6,0.8
720,Hook @ Haller,93,14,55,6,0.5913978494623656,0.6559139784946236
3306,Asbury @ Warren,193,37,114,11,0.5906735751295337,0.6476683937823834
1767,PineTree @ EHP,1123,"51,52",663,25,0.5903829029385574,0.6126447016918967
2329,Enfield Element,139,20,82,3,0.5899280575539568,0.6115107913669064
4550,Lower Creek @ P,17,31,10,1,0.5882352941176471,0.6470588235294118
780,Cliff @ Vinegar,99,"14S,21",58,1,0.5858585858585859,0.5959595959595959
673,Buffalo@Fulton,77,"14S,21",45,0,0.5844155844155844,0.5844155844155844
1323,Risley Hall - F,12,92,7,3,0.5833333333333334,0.8333333333333334
3906,Hanshaw@Salem,12,31,7,2,0.5833333333333334,0.75
1533,Statler,163,"30,36,40,43,51,52,82",95,4,0.5828220858895705,0.6073619631901841
1355,Jessup@Trphamr,172,"30,90",100,15,0.5813953488372093,0.6686046511627907
1712,Mitchel@College,129,"32,37,43",75,4,0.5813953488372093,0.6124031007751938
313,Hudson @ Columb,143,"11,65",83,2,0.5804195804195804,0.5944055944055944
2334,Enfield P+R,223,20,129,5,0.57847533632287,0.600896860986547
3909,Salem@Maplewd,33,31,19,3,0.5757575757575758,0.6666666666666666
1753,Maple @ Veteran,14,82,8,0,0.5714285714285714,0.5714285714285714
5760,CarolineTownHal,7,52,4,0,0.5714285714285714,0.5714285714285714
3902,Hanshaw @ Warre,123,31,70,13,0.5691056910569106,0.6747967479674797
358,Aurora @ Outloo,143,65,81,3,0.5664335664335665,0.5874125874125874
5759,CarolineTownHal,57,52,32,0,0.5614035087719298,0.5614035087719298
1712,Mitchell @ Coll,1135,"32,37,40,43",632,35,0.5568281938325991,0.5876651982378854
503,Clinton @ Fayet,496,"15,67",276,3,0.5564516129032258,0.5625
3744,Warren@Northwo,27,37,15,1,0.5555555555555556,0.5925925925925926
3115,East Shore Dr @,9,36,5,0,0.5555555555555556,0.5555555555555556
3733,22 Arrowwood Dr,9,32,5,0,0.5555555555555556,0.5555555555555556
3936,Lab of Ornith,581,31,322,73,0.5542168674698795,0.6798623063683304
2547,Museum of Earth,38,14,21,0,0.5526315789473685,0.5526315789473685
755,Westhaven Road ,38,14,21,0,0.5526315789473685,0.5526315789473685
1317,Highland @ Lake,67,31,37,5,0.5522388059701493,0.6268656716417911
2631,Trumansburg Par,31,21,17,0,0.5483870967741935,0.5483870967741935
561,Elmira@Meadow,117,"15,67",64,0,0.5470085470085471,0.5470085470085471
565,323Elmira-Byrne,11,67,6,0,0.5454545454545454,0.5454545454545454
3523,Sheraton @ Trip,302,32,164,4,0.543046357615894,0.5562913907284768
313,Hudson@Columbia,24,"11,65",13,4,0.5416666666666666,0.7083333333333334
5716,Slater @ Lois,325,51,175,16,0.5384615384615384,0.5876923076923077
4522,Dryden Rd @ Tur,91,"40,43",49,5,0.5384615384615384,0.5934065934065934
3588,The Shops at It,334,30,178,12,0.5329341317365269,0.5688622754491018
323,Hudson @ Prsll,790,"11,65",421,13,0.5329113924050632,0.549367088607595
3560,Warrenwood Apts,4411,32,2349,77,0.5325323055996373,0.5499886647018817
112,Albany at Salva,9783,"11,13,14,17,22,30,32,36",5203,302,0.5318409485842789,0.5627108249003373
4718,Dryden Village ,79,43,42,0,0.5316455696202531,0.5316455696202531
2309,EcoVillage,166,20,88,3,0.5301204819277109,0.5481927710843374
503,Clinton@Fayette,51,"15,67",27,0,0.5294117647058824,0.5294117647058824
3733,22Arrowwood Dri,17,32,9,0,0.5294117647058824,0.5294117647058824
3904,Muriel @ Hansha,165,31,87,16,0.5272727272727272,0.6242424242424243
3601,Triphammer @ Gr,264,"30,36",139,4,0.5265151515151515,0.5416666666666666
112,Albany@SalvArmy,806,"11,13,14,17,30,32,36,37",424,24,0.5260545905707196,0.5558312655086849
3588,Ithaca Mall,13115,30,6851,471,0.5223789553945863,0.5582920320243996
754,Westhaven Road ,23,"14,14S",12,0,0.5217391304347826,0.5217391304347826
3906,Hanshaw @ Salem,198,31,103,15,0.5202020202020202,0.5959595959595959
748,412 Hector St,27,20,14,3,0.5185185185185185,0.6296296296296297
3154,Lansing MS,66,36,34,4,0.5151515151515151,0.5757575757575758
569,Elmira@Spencer,45,67,23,0,0.5111111111111111,0.5111111111111111
4512,Varna,1476,"40,43",752,9,0.5094850948509485,0.5155826558265583
1307,Thurston @ Bart,55,92,28,10,0.509090909090909,0.6909090909090909
1357,Triphammer @ Je,581,"32,36",294,20,0.5060240963855421,0.540447504302926
545,S Meadow Mkt,85,"14S,15",43,2,0.5058823529411764,0.5294117647058824
665,State @ Fulton,220,14,111,6,0.5045454545454545,0.5318181818181819
5746,Slaterville Rd ,219,52,110,0,0.502283105022831,0.502283105022831
6367,South Danby Par,251,65,126,2,0.50199203187251,0.5099601593625498
2547,Museum of the E,44,"14,14S",22,1,0.5,0.5227272727272727
3549,Cinema @ Uptown,22,32,11,3,0.5,0.6363636363636364
1768,Pine Tr@E Hil P,16,"51,52",8,1,0.5,0.5625
3154,Lansing Middle,14,36,7,0,0.5,0.5
3794,20 Thornwood,12,32,6,1,0.5,0.5833333333333334
1121,Lake @ Falls,8,36,4,1,0.5,0.625
1512,Baker Flagpole,8,92,4,4,0.5,1.0
2334,Enfield Park an,8,20,4,0,0.5,0.5
5530,Honness@Pine Tr,8,51,4,0,0.5,0.5
911,Cayuga@Lincoln,8,13,4,2,0.5,0.75
115,State @ Albany,6,14,3,0,0.5,0.5
3554,UptownVillApt,6,32,3,0,0.5,0.5
2333,Enfield Park an,4,20,2,0,0.5,0.5
756,Westhaven Road ,4,"14,14S",2,0,0.5,0.5
1311,Highlnd@Thurstn,2,31,1,0,0.5,0.5
355,Aurora @ Hillvi,2,65,1,0,0.5,0.5
3735,10Brentwood,2,32,1,0,0.5,0.5
4527,Dryden@BakerHil,2,"40,43",1,0,0.5,0.5
5736,BDale @ Slater,2,52,1,0,0.5,0.5
6321,Danby Rd @ King,2,65,1,0,0.5,0.5
717,Haller @ Elm,2,14,1,0,0.5,0.5
3579,Trphamr@CayuMal,165,30,82,2,0.49696969696969695,0.509090909090909
569,Elmira @ Spence,488,67,242,1,0.4959016393442623,0.4979508196721312
3748,Warren @ Bomax,159,37,78,2,0.49056603773584906,0.5031446540880503
1363,Triphammer @ Oa,51,32,25,1,0.49019607843137253,0.5098039215686274
1512,Baker Flag Slop,529,92,258,193,0.4877126654064272,0.8525519848771267
565,323 Elmira Rd -,113,67,55,1,0.48672566371681414,0.49557522123893805
108,Cayuga @ Buffal,101,"13,17",49,2,0.48514851485148514,0.504950495049505
4375,GrotonTownHall,29,"40,43",14,0,0.4827586206896552,0.4827586206896552
561,Elmira @ Meadow,1575,"14S,15,67",760,27,0.48253968253968255,0.4996825396825397
4387,Cortland_Cayuga,54,"40,43",26,3,0.48148148148148145,0.5370370370370371
1508,University @ St,267,"36,92",128,81,0.4794007490636704,0.7827715355805244
2564,Trumansburg Rd ,165,21,79,3,0.47878787878787876,0.49696969696969695
1357,Trphamr@Jessup,46,32,22,0,0.4782608695652174,0.4782608695652174
1512,BakerFlag Slope,23,92,11,12,0.4782608695652174,1.0
3511,Trip @ Hanshaw,400,"31,32,36",190,26,0.475,0.54
4773,PoetsLndgApts,36,43,17,1,0.4722222222222222,0.5
6351,Danby TH P+R,68,65,32,0,0.47058823529411764,0.47058823529411764
3555,Gaslight Villag,17,32,8,0,0.47058823529411764,0.47058823529411764
3593,Tops Supermarke,8265,30,3879,174,0.4693284936479129,0.4903811252268603
559,Medow@IthShopPl,79,"14S,15,67",37,0,0.46835443037974683,0.46835443037974683
4335,Groton Rd @ Per,13,"40,43",6,0,0.46153846153846156,0.46153846153846156
4718,DrydnVilMainLib,330,43,152,5,0.46060606060606063,0.47575757575757577
369,Danby @ Vista,162,"11,65",74,1,0.4567901234567901,0.46296296296296297
108,Cayuga@Buffalo,11,"13,17",5,1,0.45454545454545453,0.5454545454545454
3515,Tripham@Texas,11,30,5,1,0.45454545454545453,0.5454545454545454
539,Cecil Malone Dr,11,14S,5,0,0.45454545454545453,0.45454545454545453
1768,PineTree @ EHP,322,"51,52",146,10,0.453416149068323,0.484472049689441
705,Chestnut Hill A,550,14,249,5,0.4527272727272727,0.4618181818181818
3137,LansingTwnHl,84,"36,37",38,2,0.4523809523809524,0.47619047619047616
3584,YMCA,399,30,180,8,0.45112781954887216,0.47117794486215536
669,State@InletIsln,78,"14,20",35,1,0.44871794871794873,0.46153846153846156
2334,EnfieldParkRide,38,20,17,0,0.4473684210526316,0.4473684210526316
3764,Vill Solars N,85,37,38,1,0.4470588235294118,0.4588235294117647
998,TCAT Office,103,"13,17",46,11,0.44660194174757284,0.5533980582524272
6368,South Danby Par,18,65,8,0,0.4444444444444444,0.4444444444444444
663,State/MLK @ Mea,502,14,222,3,0.44223107569721115,0.448207171314741
3711,Pleasant Grove ,25,"30,37",11,0,0.44,0.44
3785,Airport,873,32,383,36,0.43871706758304696,0.47995418098510884
780,Clif@VinegarHil,16,"14S,21",7,0,0.4375,0.4375
327,Coddington @ Hu,222,"11,65",97,1,0.4369369369369369,0.44144144144144143
3587,Graham@Butler,1268,"30,36",553,45,0.4361198738170347,0.471608832807571
3781,Thornwood @ Bro,127,32,55,3,0.4330708661417323,0.4566929133858268
2323,Mecklenburg Rd ,37,20,16,0,0.43243243243243246,0.43243243243243246
323,Hudson@Pearsall,154,"11,65",66,23,0.42857142857142855,0.577922077922078
1309,Thurston @ High,28,92,12,10,0.42857142857142855,0.7857142857142857
5530,Honness @ Pine ,28,51,12,3,0.42857142857142855,0.5357142857142857
3137,Lansing Town Ha,21,"36,37",9,0,0.42857142857142855,0.42857142857142855
705,ChestnutHilApts,14,14,6,1,0.42857142857142855,0.5
2323,Mcklbrg@Aplgate,7,20,3,0,0.42857142857142855,0.42857142857142855
2550,Tbrg@CayMedCtr,7,21,3,0,0.42857142857142855,0.42857142857142855
4356,Peru @ Hamilton,7,40,3,2,0.42857142857142855,0.7142857142857143
5722,Slaterville Rd ,7,"51,52",3,0,0.42857142857142855,0.42857142857142855
3593,Tops Lansing,839,30,357,7,0.42550655542312277,0.433849821215733
3586,Butler@Graham,132,30,56,3,0.42424242424242425,0.44696969696969696
545,South Meadow Ma,1073,"14S,15",445,23,0.4147250698974837,0.4361602982292637
1311,Highland @ Thur,29,31,12,0,0.41379310344827586,0.41379310344827586
3550,Uptown @ Cinema,112,32,46,5,0.4107142857142857,0.45535714285714285
527,215Elmira-Pudgi,74,15,30,1,0.40540540540540543,0.4189189189189189
3937,Lab of Ornith,37,31,15,4,0.40540540540540543,0.5135135135135135
3579,Cayuga Mall,1848,30,745,27,0.40313852813852813,0.41774891774891776
4718,Dryden Vill Lib,2649,43,1063,10,0.401283503208758,0.4050585126462816
1767,Pine Tree at Ea,15,"51,52",6,0,0.4,0.4
504,Clinton@Fayette,10,15,4,0,0.4,0.4
559,Meadow at Ithac,648,"14S,15,67",258,11,0.39814814814814814,0.41512345679012347
3515,Triphammer @ Te,194,"30,32",76,4,0.3917525773195876,0.41237113402061853
3521,Triphammer at K,276,"30,32,36",108,4,0.391304347826087,0.4057971014492754
6321,Danby @ King,126,65,49,4,0.3888888888888889,0.42063492063492064
1328,Cradit Farm @ B,114,"37,81,90,92",44,42,0.38596491228070173,0.7543859649122807
4528,Dryden Rd @ Bak,190,"40,43",73,4,0.38421052631578945,0.4052631578947368
911,Cayuga @ Lincol,88,"13,17,22",33,10,0.375,0.48863636363636365
2623,Main@South,8,21,3,0,0.375,0.375
3919,RoseH@Tarytn,8,31,3,3,0.375,0.75
4717,Dryden Village ,8,43,3,0,0.375,0.375
5526,318 Pine Tree -,8,51,3,0,0.375,0.375
571,Elmira @ Butter,8,67,3,0,0.375,0.375
726,WarrenPl@Snrise,8,14,3,4,0.375,0.875
3137,Lansing Twn Hl,646,"36,37",242,12,0.3746130030959752,0.3931888544891641
3919,Rose Hill @ Tar,51,31,19,3,0.37254901960784315,0.43137254901960786
1373,Triphammer @ No,38,"32,36",14,0,0.3684210526315789,0.3684210526315789
669,State/MLK @ Inl,606,"14,20",223,17,0.367986798679868,0.39603960396039606
3932,Sapsucker Woods,196,31,72,13,0.3673469387755102,0.4336734693877551
511,Clinton West,392,67,142,1,0.3622448979591837,0.3647959183673469
4387,Cortland St @ C,665,"40,43",240,10,0.3609022556390977,0.37593984962406013
2319,Mecklenburg Rd ,97,20,35,3,0.36082474226804123,0.3917525773195876
527,215 Elmira Rd -,630,15,226,7,0.35873015873015873,0.36984126984126986
3733,22 Arrowwood,143,"32,37",51,1,0.35664335664335667,0.36363636363636365
1513,Baker Flag,303,92,107,128,0.35313531353135313,0.7755775577557755
3954,Guthrie Hanshaw,54,31,19,5,0.35185185185185186,0.4444444444444444
731,Hector @ Warren,74,"14,14S,20",26,2,0.35135135135135137,0.3783783783783784
6779,Main @ Bridge,752,67,264,0,0.35106382978723405,0.35106382978723405
6519,West Danby Rd @,220,67,77,1,0.35,0.35454545454545455
3120,East Shore Dr @,23,36,8,0,0.34782608695652173,0.34782608695652173
3782,Brown @ Thornwo,26,32,9,0,0.34615384615384615,0.34615384615384615
3526,Triphammer Mark,954,"30,36",325,18,0.34067085953878407,0.35953878406708595
3711,PlstGrv@Hanshaw,89,"30,37",30,4,0.33707865168539325,0.38202247191011235
511,Clinton W Plaza,36,67,12,0,0.3333333333333333,0.3333333333333333
2329,EnfieldElemntry,15,20,5,0,0.3333333333333333,0.3333333333333333
4716,Main@Rochester,15,43,5,0,0.3333333333333333,0.3333333333333333
3559,Uptwn@WarrenwAp,12,32,4,0,0.3333333333333333,0.3333333333333333
547,Fairgrnds@Lowes,12,15,4,0,0.3333333333333333,0.3333333333333333
5759,Caroline Town H,12,52,4,0,0.3333333333333333,0.3333333333333333
703,Chestnt@Sunrise,12,14,4,6,0.3333333333333333,0.8333333333333334
4570,Main @ Etna Ln ,6,40,2,0,0.3333333333333333,0.3333333333333333
5716,Slaterville Rd ,6,51,2,0,0.3333333333333333,0.3333333333333333
665,State/MLK @ Ful,6,14,2,0,0.3333333333333333,0.3333333333333333
6711,Elmira Rd @ Fiv,6,67,2,0,0.3333333333333333,0.3333333333333333
1138,East Shore @ Ja,3,36,1,0,0.3333333333333333,0.3333333333333333
1367,Triphamr@Irqois,3,32,1,0,0.3333333333333333,0.3333333333333333
3715,Hanshaw @ Black,3,31,1,0,0.3333333333333333,0.3333333333333333
3763,VillageSolarS,3,37,1,1,0.3333333333333333,0.6666666666666666
5718,Slaterville @ P,3,51,1,0,0.3333333333333333,0.3333333333333333
6351,DanbyTownHall,3,65,1,0,0.3333333333333333,0.3333333333333333
779,Cliff @ Vinegar,3,21,1,0,0.3333333333333333,0.3333333333333333
786,Tburg@Hopkins,3,21,1,1,0.3333333333333333,0.6666666666666666
327,Coddington@Huds,34,"11,65",11,0,0.3235294117647059,0.3235294117647059
2315,Mecklenburg Rd ,31,20,10,1,0.3225806451612903,0.3548387096774194
5785,Brooktondale St,84,52,27,0,0.32142857142857145,0.32142857142857145
4326,Rte38 @ Main (F,127,"40,43",40,0,0.31496062992125984,0.31496062992125984
3711,PleasGrove@Hans,727,"30,37",228,39,0.31361760660247595,0.3672627235213205
665,Stat@Fulton,48,14,15,2,0.3125,0.3541666666666667
3735,10 Brentwood Dr,16,"32,37",5,0,0.3125,0.3125
4710,Rt13@George,13,43,4,0,0.3076923076923077,0.3076923076923077
6717,Elmira Rd @ Enf,13,67,4,0,0.3076923076923077,0.3076923076923077
504,Clinton @ Fayet,118,"15,67",36,1,0.3050847457627119,0.3135593220338983
4717,DrydnVil@PostOf,56,43,17,1,0.30357142857142855,0.32142857142857145
127,State@Plain,20,14,6,0,0.3,0.3
1376,Parkway@Upland,10,31,3,0,0.3,0.3
2330,EnfieldElemntry,17,20,5,0,0.29411764705882354,0.29411764705882354
3523,Sheraton@Tripha,17,32,5,1,0.29411764705882354,0.35294117647058826
2330,Enfield Element,151,20,44,3,0.2913907284768212,0.31125827814569534
3547,Cinema @ Sherat,55,32,16,1,0.2909090909090909,0.3090909090909091
5760,Caroline Town,128,52,37,0,0.2890625,0.2890625
3559,Warrenwood Apts,80,32,23,1,0.2875,0.3
551,Walmart South E,440,"14S,15",126,8,0.2863636363636364,0.30454545454545456
3526,Triphammer Mrlt,71,30,20,0,0.28169014084507044,0.28169014084507044
2671,Compass MHC,784,21,219,5,0.27933673469387754,0.2857142857142857
2620,Trumansburg Cen,18,21,5,0,0.2777777777777778,0.2777777777777778
4528,Dryden@BakerHil,18,"40,43",5,0,0.2777777777777778,0.2777777777777778
6519,WDanby@ShltrVal,29,67,8,0,0.27586206896551724,0.27586206896551724
2628,Main@Washington,109,21,30,1,0.27522935779816515,0.28440366972477066
663,State@Meadow,62,14,17,4,0.27419354838709675,0.3387096774193548
4362,Groton@Railroad,11,"40,43",3,0,0.2727272727272727,0.2727272727272727
4336,Groton Rd @ Per,15,"40,43",4,0,0.26666666666666666,0.26666666666666666
528,214Elmira-Reuse,15,15,4,0,0.26666666666666666,0.26666666666666666
110,Geneva @ State/,1290,15,341,26,0.26434108527131783,0.28449612403100777
6789,Elmira Rd @ Mai,462,67,122,2,0.26406926406926406,0.2683982683982684
2550,Trumansburg Rd ,147,21,38,1,0.2585034013605442,0.2653061224489796
3315,Triphammer @ Pe,35,"36,37",9,0,0.2571428571428571,0.2571428571428571
541,Wegmans,5234,"14S,15",1338,49,0.25563622468475355,0.2649980894153611
2568,Trumansburg Rd ,36,21,9,0,0.25,0.25
6374,HillviewTrc MHC,32,65,8,0,0.25,0.25
3521,Trphmr@Kendal,12,"30,32",3,1,0.25,0.3333333333333333
511,Clinton West Pl,12,67,3,3,0.25,0.5
6367,SDanbyParkRide,12,65,3,0,0.25,0.25
1375,The Parkway @ U,4,31,1,0,0.25,0.25
1757,Pine Tree Rd @ ,4,51,1,0,0.25,0.25
4328,RR@Main (Fville,4,43,1,0,0.25,0.25
774,Campbell @ Hopk,4,14,1,0,0.25,0.25
3519,Triphmr@Winthro,37,"30,32,36",9,0,0.24324324324324326,0.24324324324324326
3947,Guthrie Ithaca,29,31,7,2,0.2413793103448276,0.3103448275862069
2582,Trumansburg Rd ,25,21,6,0,0.24,0.24
3794,20 Thornwood Dr,216,32,51,3,0.2361111111111111,0.25
3519,Triphammer @ Wi,111,"30,32,36",26,1,0.23423423423423423,0.24324324324324326
329,Coddington at I,331,"11,65",77,0,0.2326283987915408,0.2326283987915408
547,Fairgrounds Mem,142,"14S,15",33,4,0.2323943661971831,0.2605633802816901
3783,Brown @ Culliga,87,32,20,2,0.22988505747126436,0.25287356321839083
5759,Caroline Town,537,52,122,2,0.2271880819366853,0.2309124767225326
2623,Main @ South (T,248,21,56,1,0.22580645161290322,0.22983870967741934
4751,North @ Lee,245,43,55,2,0.22448979591836735,0.23265306122448978
2557,Professional Bu,49,14,11,1,0.22448979591836735,0.24489795918367346
110,Geneva @ State,148,15,33,5,0.22297297297297297,0.25675675675675674
524,Plain @ Wood,63,15,14,0,0.2222222222222222,0.2222222222222222
1513,Baker Flagpole,18,92,4,14,0.2222222222222222,1.0
2557,ProfessionalBld,18,14,4,0,0.2222222222222222,0.2222222222222222
4509,Dryden Rd @ For,68,43,15,1,0.22058823529411764,0.23529411764705882
4710,Dryden Rd @ Geo,68,43,15,0,0.22058823529411764,0.22058823529411764
5538,Snyder Hill @ P,161,51,35,21,0.21739130434782608,0.34782608695652173
4326,Rte38@Main,46,"40,43",10,1,0.21739130434782608,0.2391304347826087
4359,South @ Main (G,51,"40,43",11,0,0.21568627450980393,0.21568627450980393
709,Chestnut @ Elm ,1285,14,276,7,0.21478599221789882,0.22023346303501945
4567,Upper Creek @ E,42,31,9,5,0.21428571428571427,0.3333333333333333
3316,Triphamr@Peruvi,14,"36,37",3,0,0.21428571428571427,0.21428571428571427
3781,Thornwd@Brown,14,32,3,0,0.21428571428571427,0.21428571428571427
543,HomeGoods,981,"14S,15",209,7,0.2130479102956167,0.22018348623853212
757,Westhaven Road ,33,14,7,0,0.21212121212121213,0.21212121212121213
4749,36 North St - D,85,43,18,0,0.21176470588235294,0.21176470588235294
4717,Dryden Vill PO,441,43,93,3,0.2108843537414966,0.21768707482993196
2556,Tbrg@ProfBldg,19,21,4,0,0.21052631578947367,0.21052631578947367
2545,Cayuga Medical ,43,14,9,0,0.20930232558139536,0.20930232558139536
3783,Brown@Culligan,24,32,5,0,0.20833333333333334,0.20833333333333334
3951,HanshaVillage,59,31,12,1,0.2033898305084746,0.22033898305084745
928,Third @ Cascadi,110,13,22,18,0.2,0.36363636363636365
115,State/MLK @ Alb,55,14,11,1,0.2,0.21818181818181817
6321,DanbyRd @ King,15,65,3,0,0.2,0.2
6322,Danby @ King,10,65,2,0,0.2,0.2
6374,Hillview Terrac,10,65,2,0,0.2,0.2
1756,Dryden@Synchrot,5,"32,40",1,1,0.2,0.4
3312,Asbury @ Tripha,5,37,1,0,0.2,0.2
4359,South @ Main,5,"40,43",1,0,0.2,0.2
562,Meadow@Elmira,5,67,1,0,0.2,0.2
725,Warren Pl @ Sun,5,14,1,0,0.2,0.2
2584,Jacksonville PO,372,21,74,7,0.1989247311827957,0.21774193548387097
6357,Danby Rd @ Mich,82,65,16,0,0.1951219512195122,0.1951219512195122
709,Chstnt@Elm,134,14,26,5,0.19402985074626866,0.23134328358208955
317,Hudson at South,42,"11,65",8,0,0.19047619047619047,0.19047619047619047
4365,Groton Speedway,2195,"40,43",418,41,0.19043280182232347,0.2091116173120729
2627,Main @ Washingt,700,"21,22",133,5,0.19,0.19714285714285715
172,Ithaca Commons ,206,"11,65",39,0,0.18932038834951456,0.18932038834951456
549,WalMart,8493,"14S,15",1573,72,0.1852113505239609,0.19368892028729542
4773,Poets Landing A,227,43,42,1,0.18502202643171806,0.1894273127753304
549,Walmart,871,"14S,15",161,12,0.18484500574052812,0.19862227324913892
2620,TbrgCentralSc,38,21,7,0,0.18421052631578946,0.18421052631578946
4755,North @ Brightd,257,43,47,0,0.1828793774319066,0.1828793774319066
107,Cayuga@Buffalo,11,"13,17",2,5,0.18181818181818182,0.6363636363636364
361,South Hill Busi,11,11,2,0,0.18181818181818182,0.18181818181818182
520,Plain@Center,11,15,2,0,0.18181818181818182,0.18181818181818182
3951,Hanshaw Village,532,31,96,12,0.18045112781954886,0.20300751879699247
5543,Park Ln @ Tudor,56,51,10,5,0.17857142857142858,0.26785714285714285
4553,Creekwood Apts,280,31,49,2,0.175,0.18214285714285713
3932,SapsuWds@Hanshw,23,31,4,1,0.17391304347826086,0.21739130434782608
737,LindermanCrkApt,87,"14,14S",15,3,0.1724137931034483,0.20689655172413793
4540,Dryden Rd @ Mai,163,43,28,2,0.17177914110429449,0.18404907975460122
6515,WDanby@Melody,35,67,6,0,0.17142857142857143,0.17142857142857143
3763,Village Solars ,76,37,13,1,0.17105263157894737,0.18421052631578946
6532,Newfield Depot ,249,67,42,4,0.1686746987951807,0.18473895582329317
2556,TBurg@ProfBldg,102,21,17,1,0.16666666666666666,0.17647058823529413
5716,Sltrvl@Lois Ln,18,51,3,1,0.16666666666666666,0.2222222222222222
2612,Tbrg Kinney,6,21,1,0,0.16666666666666666,0.16666666666666666
4517,1061 Dryden Roa,6,"40,43",1,0,0.16666666666666666,0.16666666666666666
4714,WMain@Hltn,6,43,1,1,0.16666666666666666,0.3333333333333333
6784,Newfield Centra,6,67,1,1,0.16666666666666666,0.3333333333333333
744,Hector @ N Tayl,6,20,1,0,0.16666666666666666,0.16666666666666666
535,Titus Towers,2305,15,384,22,0.1665943600867679,0.17613882863340563
172,Aurora Commons,5421,"11,65",875,31,0.16140933407120459,0.1671278361925844
6374,Hillview Terr,126,65,20,0,0.15873015873015872,0.15873015873015872
2534,1229 Trumansbur,57,"14,14S,21",9,1,0.15789473684210525,0.17543859649122806
3727,Warren at Warre,19,37,3,0,0.15789473684210525,0.15789473684210525
134,McGraw House,955,15,148,11,0.1549738219895288,0.16649214659685863
903,Cascadilla @ Ca,33,13,5,4,0.15151515151515152,0.2727272727272727
925,Tioga @ Falls,60,13,9,10,0.15,0.31666666666666665
6713,Elmira @ 7 Mile,20,67,3,0,0.15,0.15
2961,Taugh Park,122,22,18,3,0.14754098360655737,0.1721311475409836
4515,Dryden Rd @ Mt ,123,"40,43",18,1,0.14634146341463414,0.15447154471544716
3784,Culligan @ Brow,105,32,15,2,0.14285714285714285,0.1619047619047619
1508,Univ@Stewart,7,92,1,6,0.14285714285714285,1.0
317,SouthHillSchool,7,11,1,0,0.14285714285714285,0.14285714285714285
5771,CarolineTurnAr,7,52,1,1,0.14285714285714285,0.2857142857142857
2620,TBurg School,660,"21,22",93,6,0.1409090909090909,0.15
4362,Main@RR Groton,79,"40,43",11,1,0.13924050632911392,0.1518987341772152
6784,NewfieldCtrlSch,22,67,3,0,0.13636363636363635,0.13636363636363635
2628,Main @ Washingt,1064,"21,22",145,5,0.1362781954887218,0.14097744360902256
2545,CayugaMedER,97,14,13,3,0.13402061855670103,0.16494845360824742
668,StateFulton,38,"14,14S",5,1,0.13157894736842105,0.15789473684210525
4716,Main @ Rocheste,176,43,23,0,0.13068181818181818,0.13068181818181818
127,State/MLK @ Pla,230,14,30,1,0.13043478260869565,0.13478260869565217
2627,Main@Washington,78,21,10,0,0.1282051282051282,0.1282051282051282
734,Hector @ Warren,80,"14,20",10,0,0.125,0.125
2584,Jacksonville Po,8,21,1,0,0.125,0.125
6363,Danby Rd @ Stea,8,65,1,0,0.125,0.125
730,WarrenPl@Hector,8,14,1,0,0.125,0.125
512,Clinton @ Corn,228,67,28,6,0.12280701754385964,0.14912280701754385
4732,Dryden Harford ,25,43,3,0,0.12,0.12
2545,Cayuga Med ER,2288,14,274,15,0.11975524475524475,0.1263111888111888
172,Commons-Aurora,569,"11,65",68,7,0.1195079086115993,0.13181019332161686
2339,Enfield Highway,84,20,10,1,0.11904761904761904,0.13095238095238096
113,Seneca@Albany,17,"20,21",2,0,0.11764705882352941,0.11764705882352941
4539,Main St @ Dryde,17,40,2,1,0.11764705882352941,0.17647058823529413
713,Elm @ West Vill,69,14,8,0,0.11594202898550725,0.11594202898550725
361,S Hill Biz Pk,346,11,40,3,0.11560693641618497,0.12427745664739884
562,Meadow @ Elmira,131,67,15,0,0.11450381679389313,0.11450381679389313
3558,Univ Pk Apts,105,32,12,2,0.11428571428571428,0.13333333333333333
2584,JacksonviPostOf,35,21,4,0,0.11428571428571428,0.11428571428571428
528,214 Elmira Rd -,203,15,23,0,0.11330049261083744,0.11330049261083744
4554,Creekwood Apts,265,31,30,12,0.11320754716981132,0.15849056603773584
927,Cascadilla @ Th,27,13,3,3,0.1111111111111111,0.2222222222222222
4569,Etna Mills Apts,9,40,1,2,0.1111111111111111,0.3333333333333333
4749,DrydnNorthDunkn,9,43,1,0,0.1111111111111111,0.1111111111111111
804,Ithaca Children,9,22,1,0,0.1111111111111111,0.1111111111111111
2546,Cayuga Med Ctr,453,14,49,7,0.10816777041942605,0.12362030905077263
107,Cayuga @ Buffal,148,"13,17",16,20,0.10810810810810811,0.24324324324324326
6767,Newfield Depot ,74,67,8,0,0.10810810810810811,0.10810810810810811
6343,Danby Rd @ Mill,96,65,10,0,0.10416666666666667,0.10416666666666667
4527,Dryden Rd @ Bak,29,"40,43",3,0,0.10344827586206896,0.10344827586206896
1143,Stewart Park,167,"13,36",17,52,0.10179640718562874,0.41317365269461076
520,Plain @ Center,178,15,18,1,0.10112359550561797,0.10674157303370786
532,Meadow @ Wood,366,67,37,0,0.10109289617486339,0.10109289617486339
713,Elm@WVillage,289,14,29,8,0.10034602076124567,0.12802768166089964
2616,E Main @ Cemete,120,"21,22",12,1,0.1,0.10833333333333334
2514,Trumansburg Rd ,240,"14,14S,21",23,3,0.09583333333333334,0.10833333333333334
4752,North @ Freevil,115,43,11,3,0.09565217391304348,0.12173913043478261
361,SoHilBusinessPk,53,11,5,0,0.09433962264150944,0.09433962264150944
4708,Dryden @ Johnsn,153,43,14,0,0.0915032679738562,0.0915032679738562
4318,Freeville Stn P,176,"40,43",16,4,0.09090909090909091,0.11363636363636363
4565,Etna Rd @ Wood,11,31,1,0,0.09090909090909091,0.09090909090909091
751,Elm Street @ El,111,14,10,1,0.09009009009009009,0.0990990990990991
6515,West Danby Rd @,480,67,43,2,0.08958333333333333,0.09375
3316,Triphammer @ Pe,56,"36,37",5,0,0.08928571428571429,0.08928571428571429
4750,43 North St - V,209,43,18,1,0.0861244019138756,0.09090909090909091
4544,Dryden @ Kirk,860,43,73,4,0.08488372093023255,0.08953488372093023
738,Conifer Village,736,"14,14S",62,7,0.08423913043478261,0.09375
3784,Culligan@Brown,12,32,1,0,0.08333333333333333,0.08333333333333333
2546,Cayuga Medical ,49,14,4,0,0.08163265306122448,0.08163265306122448
996,Guthrie Cty Har,174,"13,17",14,38,0.08045977011494253,0.2988505747126437
113,Seneca @ Albany,239,"20,21,22",19,2,0.0794979079497908,0.08786610878661087
6767,NwfldDepot@Mill,13,67,1,0,0.07692307692307693,0.07692307692307693
730,Warren Pl @ Hec,13,14,1,0,0.07692307692307693,0.07692307692307693
2624,Main @ South (T,449,"21,22",34,7,0.0757238307349666,0.09131403118040089
343,Ithaca College ,27,"11,65",2,0,0.07407407407407407,0.07407407407407407
918,Dey @ Lincoln,27,17,2,1,0.07407407407407407,0.1111111111111111
710,Chestnut @ Hook,68,"14,14S",5,0,0.07352941176470588,0.07352941176470588
668,State @ Fulton,385,"14,14S",28,3,0.07272727272727272,0.08051948051948052
537,Cherry St @ Art,28,14S,2,0,0.07142857142857142,0.07142857142857142
2319,Mcklbrg@VanDorn,14,20,1,0,0.07142857142857142,0.07142857142857142
713,Elm @ W Vill,2709,14,192,13,0.07087486157253599,0.07567368032484312
117,Seneca @ Corn,73,"20,21",5,1,0.0684931506849315,0.0821917808219178
4517,1062 Dryden Rd ,15,"40,43",1,0,0.06666666666666667,0.06666666666666667
4783,TC3,2914,43,191,14,0.06554564172958133,0.07035003431708992
2619,TBurg School,77,21,5,0,0.06493506493506493,0.06493506493506493
736,Linderman Creek,1667,"14,14S",106,5,0.0635872825434913,0.0665866826634673
737,Linderman Creek,1040,"14,14S",66,3,0.06346153846153846,0.06634615384615385
6784,Newfield School,192,67,12,0,0.0625,0.0625
2574,Trumansburg Rd ,96,21,6,3,0.0625,0.09375
4732,38@BeamHill,16,43,1,0,0.0625,0.0625
5795,Boiceville Cott,16,52,1,0,0.0625,0.0625
930,Third @ Hancock,372,13,22,56,0.05913978494623656,0.20967741935483872
6532,NewfldDep@ValMa,17,67,1,0,0.058823529411764705,0.058823529411764705
672,Seneca @ Fulton,450,"20,21,22",26,1,0.057777777777777775,0.06
6787,Main @ Vankirk,53,67,3,0,0.05660377358490566,0.05660377358490566
736,LindermanCrkApt,125,"14,14S",7,3,0.056,0.08
1125,Lake @ IHS,684,"13,36",38,90,0.05555555555555555,0.1871345029239766
4779,Freeville Rd @ ,18,43,1,0,0.05555555555555555,0.05555555555555555
5734,Slater @ BDale,18,52,1,0,0.05555555555555555,0.05555555555555555
5771,Caroline Turn,242,52,13,0,0.05371900826446281,0.05371900826446281
374,College Circle,1297,11,68,0,0.052428681572860444,0.052428681572860444
679,State/MLK at In,1765,"14,14S,20",92,17,0.05212464589235127,0.06175637393767705
6337,Danby Rd @ Muzz,163,65,8,2,0.049079754601226995,0.06134969325153374
4312,Freeville Rd at,41,43,2,0,0.04878048780487805,0.04878048780487805
2546,CayugaMedCtr,165,14,8,5,0.048484848484848485,0.07878787878787878
1129,Lake St at Boyn,83,13,4,8,0.04819277108433735,0.14457831325301204
2615,EMain@Cemetary,21,21,1,0,0.047619047619047616,0.047619047619047616
3741,Warren @ Dart,21,"32,37",1,2,0.047619047619047616,0.14285714285714285
365,Longview,217,11,10,1,0.04608294930875576,0.05069124423963134
4505,Dryden Rd @ Gam,22,43,1,0,0.045454545454545456,0.045454545454545456
570,Elmira@Spencer,22,67,1,0,0.045454545454545456,0.045454545454545456
934,Third @ Adams,137,13,6,21,0.043795620437956206,0.19708029197080293
3749,Tompkins County,70,37,3,0,0.04285714285714286,0.04285714285714286
330,Coddington@IC,24,"11,65",1,0,0.041666666666666664,0.041666666666666664
567,359 Elmira Rd -,153,67,6,0,0.0392156862745098,0.0392156862745098
6713,Elmira Rd @ 7 M,857,67,32,1,0.03733955659276546,0.038506417736289385
128,State/MLK @ Pla,483,14,18,2,0.037267080745341616,0.041407867494824016
329,Coddington@IC,27,"11,65",1,2,0.037037037037037035,0.1111111111111111
715,West Village Pa,27,"14,14S",1,0,0.037037037037037035,0.037037037037037035
4511,Varna Auto,111,"40,43",4,0,0.036036036036036036,0.036036036036036036
4543,Dryden @ Mineah,84,43,3,0,0.03571428571428571,0.03571428571428571
953,Hancock @ First,57,13,2,3,0.03508771929824561,0.08771929824561403
4755,North@Brightday,59,43,2,0,0.03389830508474576,0.03389830508474576
314,Hudson@Columbia,60,"11,65",2,0,0.03333333333333333,0.03333333333333333
4776,Dryden Central ,30,43,1,0,0.03333333333333333,0.03333333333333333
2542,Overlook Apts,3023,"14,14S",100,14,0.033079722130334104,0.03771088322858088
664,State @ Meadow,1182,14,39,9,0.03299492385786802,0.04060913705583756
343,Alumni Circ IC,357,"11,65",11,1,0.03081232492997199,0.03361344537815126
664,State/MLK @ Mea,33,14,1,0,0.030303030303030304,0.030303030303030304
1123,Falls @ Lake,166,13,5,32,0.030120481927710843,0.22289156626506024
2624,Main@South,34,21,1,0,0.029411764705882353,0.029411764705882353
314,Hudson @ Columb,675,"11,65",19,0,0.028148148148148148,0.028148148148148148
564,Elmira Rd @ Wal,368,67,10,1,0.02717391304347826,0.029891304347826088
706,Chestnut Hill A,39,"14,14S",1,1,0.02564102564102564,0.05128205128205128
4709,Dryden Rd @ Iri,40,43,1,0,0.025,0.025
6511,West Danby Rd @,83,67,2,0,0.024096385542168676,0.024096385542168676
328,Hudson @ Coddin,429,"11,65",10,2,0.023310023310023312,0.027972027972027972
2557,Prof Bldg,43,14,1,0,0.023255813953488372,0.023255813953488372
4544,Rt 13 @ Kirk,92,43,2,0,0.021739130434782608,0.021739130434782608
2612,Trumansburg Rd ,47,21,1,2,0.02127659574468085,0.06382978723404255
672,Seneca@Fulton,49,"20,21",1,1,0.02040816326530612,0.04081632653061224
679,State@Inlet Isl,150,"14,14S,20",3,1,0.02,0.02666666666666667
6329,Danby Rd @ Comf,102,65,2,0,0.0196078431372549,0.0196078431372549
328,Hudson@Coddingt,51,11,1,2,0.0196078431372549,0.058823529411764705
4715,Main @ Rocheste,107,43,2,0,0.018691588785046728,0.018691588785046728
6789,Elmra@Main,54,67,1,0,0.018518518518518517,0.018518518518518517
373,College Circle ,1118,"11,65",20,4,0.017889087656529516,0.02146690518783542
2324,Mecklenburg Rd ,114,20,2,1,0.017543859649122806,0.02631578947368421
343,IC-AlumniCircle,59,"11,65",1,0,0.01694915254237288,0.01694915254237288
4756,North @ Brightd,121,43,2,0,0.01652892561983471,0.01652892561983471
368,Terrace Apts So,122,11,2,0,0.01639344262295082,0.01639344262295082
324,Hudson @ Gdview,492,"11,65",8,0,0.016260162601626018,0.016260162601626018
570,Elmira @ Spence,189,67,3,0,0.015873015873015872,0.015873015873015872
337,Ithaca College ,2027,"11,65",32,3,0.015786877158362113,0.01726689689195856
348,Ithaca College ,326,"11,65",5,1,0.015337423312883436,0.018404907975460124
929,Third @ Hancock,199,13,3,12,0.01507537688442211,0.07537688442211055
676,Buffalo @ Taugh,737,"14,21",11,2,0.014925373134328358,0.017639077340569877
352,Ithaca College ,338,"11,65",5,2,0.014792899408284023,0.020710059171597635
715,W Vill Parking,891,"14,14S",13,5,0.014590347923681257,0.020202020202020204
372,College Circle ,1868,11,26,4,0.013918629550321198,0.016059957173447537
2511,Candlewyck Park,226,"14,14S,21",3,2,0.01327433628318584,0.022123893805309734
339,Roy Park IC,3575,"11,65",45,7,0.012587412587412588,0.014545454545454545
373,CCA-Community,354,11,4,4,0.011299435028248588,0.022598870056497175
2641,Juniper Manor,90,21,1,2,0.011111111111111112,0.03333333333333333
2615,E Main @ Cemete,96,"21,22",1,0,0.010416666666666666,0.010416666666666666
349,Towers IC,2416,"11,65",25,7,0.010347682119205299,0.013245033112582781
376,College Circle ,1142,"11,65",10,0,0.008756567425569177,0.008756567425569177
2543,CayugaMeadows,117,"14,14S",1,0,0.008547008547008548,0.008547008547008548
340,Ithaca College ,122,"11,65",1,0,0.00819672131147541,0.00819672131147541
941,Cayuga Park Ln ,134,13,1,27,0.007462686567164179,0.208955223880597
339,Ithaca College ,135,"11,65",1,0,0.007407407407407408,0.007407407407407408
337,IC-Garden Apts,139,"11,65",1,1,0.007194244604316547,0.014388489208633094
6714,Elmira Rd @ 7 M,179,67,1,2,0.00558659217877095,0.01675977653631285
339,IC-RoyParkSchoo,367,"11,65",2,0,0.005449591280653951,0.005449591280653951
342,Alumni Circ IC,795,"11,65",3,3,0.0037735849056603774,0.007547169811320755
2543,Cayuga Meadows,917,"14,14S",3,2,0.003271537622682661,0.0054525627044711015
351,Ithaca College ,1117,"11,65",3,2,0.0026857654431512983,0.004476275738585497
340,Roy Park IC,2585,"11,65",5,7,0.0019342359767891683,0.0046421663442940036
338,Ithaca College ,423,"11,65",0,1,0.0,0.002364066193853428
801,Cass Park,290,22,0,0,0.0,0.0
340,IC-RoyParkSchoo,275,"11,65",0,0,0.0,0.0
3750,Borg Warner,237,37,0,2,0.0,0.008438818565400843
349,IC-TheTowers,186,"11,65",0,0,0.0,0.0
376,CollCir-North,173,"11,65",0,0,0.0,0.0
3119,East Shore Dr @,146,36,0,1,0.0,0.00684931506849315
372,Coll Cir N Ent,142,11,0,0,0.0,0.0
2326,Mecklenburg Rd ,129,20,0,0,0.0,0.0
664,State@Meadow,129,14,0,4,0.0,0.031007751937984496
940,Cayuga Park @ M,118,13,0,9,0.0,0.07627118644067797
342,IC-AlumniCircle,115,"11,65",0,0,0.0,0.0
2325,Mecklenburg Rd ,110,20,0,2,0.0,0.01818181818181818
330,Coddington at I,108,"11,65",0,0,0.0,0.0
946,401 Cayuga Pk,107,13,0,28,0.0,0.2616822429906542
715,West Village,100,"14,14S",0,1,0.0,0.01
1125,Lake St@IHS,94,"13,36",0,27,0.0,0.2872340425531915
2555,TBurg@ProfBldg,90,21,0,4,0.0,0.044444444444444446
4318,Stn Pk Freevill,80,"40,43",0,1,0.0,0.0125
732,Mecklenburg Rd ,78,"14,20",0,0,0.0,0.0
318,Hudson at South,74,"11,65",0,0,0.0,0.0
4707,Dryden @ Ylw Br,68,43,0,0,0.0,0.0
349,Ithaca College ,62,"11,65",0,1,0.0,0.016129032258064516
2583,Jacksonville PO,61,21,0,0,0.0,0.0
351,IC-Terrace Apts,61,"11,65",0,0,0.0,0.0
676,Buffalo@Taughan,55,21,0,1,0.0,0.01818181818181818
2533,1229 Trumansbur,53,"14,14S,21",0,1,0.0,0.018867924528301886
324,Hudson@Grandvi,50,"11,65",0,0,0.0,0.0
2611,Trumansburg Rd ,49,21,0,0,0.0,0.0
768,Campbell @ Hect,47,14,0,0,0.0,0.0
2511,Tbrg@Candlewyck,42,"14,14S,21",0,0,0.0,0.0
564,Elmira @Walmart,41,67,0,0,0.0,0.0
4360,Main @ South (G,39,"40,43",0,0,0.0,0.0
6511,WDanby @ Decker,39,67,0,1,0.0,0.02564102564102564
128,State @ Plain,35,14,0,0,0.0,0.0
3558,UniversityPkApt,35,32,0,0,0.0,0.0
941,Cayuga Park @ 3,34,13,0,8,0.0,0.23529411764705882
4544,Dryden Rd @ Kir,32,43,0,0,0.0,0.0
341,Main Entrnce IC,29,65,0,0,0.0,0.0
729,Warren Pl @ Hec,29,"14,14S",0,0,0.0,0.0
996,GuthrieCityHarb,29,13,0,5,0.0,0.1724137931034483
342,Ithaca College ,28,"11,65",0,0,0.0,0.0
767,Campbell @ Hect,27,"14,14S",0,0,0.0,0.0
6714,Elmira @ 7 Mile,26,67,0,0,0.0,0.0
2573,Trumansburg Rd ,25,21,0,0,0.0,0.0
568,366 Elmira Rd -,23,67,0,0,0.0,0.0
5729,Slaterville Rd ,22,52,0,0,0.0,0.0
348,IC-Butterfield,21,11,0,0,0.0,0.0
3747,Warren Rd Post ,21,37,0,0,0.0,0.0
338,IC-Garden Apts,20,"11,65",0,0,0.0,0.0
567,359Elmira-Frfld,20,67,0,0,0.0,0.0
805,Ithaca Children,20,22,0,0,0.0,0.0
2324,Mcklbrg@Aplgate,19,20,0,0,0.0,0.0
733,Mecklenburg Rd ,19,"14,20",0,0,0.0,0.0
352,IC-Terrace Apts,18,"11,65",0,0,0.0,0.0
6718,Elmira Rd @ Enf,18,67,0,0,0.0,0.0
2325,Mcklbrg@SndyCrk,17,20,0,0,0.0,0.0
2934,Cayuga Nat Ctr,17,22,0,0,0.0,0.0
3119,EShore@Asbury,17,36,0,0,0.0,0.0
901,Cayuga @ Cascad,16,13,0,5,0.0,0.3125
946,Cayuga Park Med,16,13,0,4,0.0,0.25
538,Cecil Malone Dr,15,14S,0,0,0.0,0.0
6337,DanbyRd@Muzzy,15,65,0,0,0.0,0.0
953,Hancock@First,14,13,0,2,0.0,0.14285714285714285
1129,LakeSt@Boynton,13,13,0,2,0.0,0.15384615384615385
704,Chestnut @ Sunr,13,"14,14S",0,0,0.0,0.0
324,Hudson @ Grandv,12,11,0,0,0.0,0.0
3749,TomCtyJail,12,37,0,0,0.0,0.0
4540,Rt 13@Rt 366,12,43,0,0,0.0,0.0
4750,DrydnNorthVlero,12,43,0,0,0.0,0.0
928,Third@Cascadlla,12,13,0,7,0.0,0.5833333333333334
940,Marketview Apt,12,13,0,1,0.0,0.08333333333333333
2514,Tbrg@ Bundy,11,"14,14S,21",0,0,0.0,0.0
4752,North@Freeville,10,43,0,0,0.0,0.0
6350,Danby Fire Stat,10,65,0,0,0.0,0.0
2339,Enfield HiwyDep,9,20,0,0,0.0,0.0
4325,Rte 38 @ Fall C,9,40,0,0,0.0,0.0
4709,Rt13@IrishStlmt,9,43,0,0,0.0,0.0
4715,Main@Rochester,9,43,0,0,0.0,0.0
768,Campbl@Hector,9,14,0,0,0.0,0.0
2326,Mcklbrg@SndyCrk,8,20,0,0,0.0,0.0
2549,Biggs Memorial ,8,14,0,0,0.0,0.0
4543,Rt 13 @ Mineah,8,43,0,0,0.0,0.0
4756,North@Brightday,8,43,0,0,0.0,0.0
773,Campbell @ Hopk,8,"14,14S",0,0,0.0,0.0
1375,Parkway@Upland,7,31,0,0,0.0,0.0
2555,Tbrg@ProfBldg,7,21,0,0,0.0,0.0
4321,FreevilParkRide,7,40,0,0,0.0,0.0
5742,Slaterville Rd ,7,52,0,0,0.0,0.0
6352,Danby TH P+R,7,65,0,0,0.0,0.0
785,TBurg @ Hopkins,7,21,0,0,0.0,0.0
903,Cascadil@Cayug,7,13,0,1,0.0,0.14285714285714285
2611,Tbrg ShrSav,6,21,0,0,0.0,0.0
4515,Dryden@MtPlsnt,6,43,0,0,0.0,0.0
4707,Rt13@Yellowbarn,6,43,0,0,0.0,0.0
710,Chestnut@Hook,6,"14,14S",0,0,0.0,0.0
1143,StewartPkEntry,5,13,0,1,0.0,0.2
2320,Mecklenburg Rd ,5,20,0,0,0.0,0.0
2616,EMain@Cemetery,5,21,0,0,0.0,0.0
4318,Station Park,5,43,0,0,0.0,0.0
4328,Railroad@Main,5,43,0,0,0.0,0.0
4362,Main @ Railroad,5,"40,43",0,0,0.0,0.0
537,Cherry @ Arthau,5,14S,0,0,0.0,0.0
5786,Brooktondale St,5,52,0,0,0.0,0.0
6329,DanbyRd@Comfort,5,65,0,0,0.0,0.0
914,Lincoln @ Cayug,5,13,0,1,0.0,0.2
926,Falls @ Tioga,5,13,0,2,0.0,0.4
2619,TbrgCentralSc,4,21,0,0,0.0,0.0
4318,Station Park - ,4,"40,43",0,0,0.0,0.0
4336,Groton@Peruvill,4,40,0,0,0.0,0.0
5539,Snyder Hill @ P,4,51,0,0,0.0,0.0
6338,Danby Rd @ Muzz,4,65,0,0,0.0,0.0
6353,Danby Rd @ Bald,4,65,0,1,0.0,0.25
706,ChestnutHilApts,4,"14,14S",0,1,0.0,0.25
719,Haller @ Hook,4,"14,14S",0,0,0.0,0.0
731,Hector@WarrenPl,4,14S,0,0,0.0,0.0
2556,Trumansburg Rd ,3,21,0,1,0.0,0.3333333333333333
2559,Trumansburg Rd ,3,21,0,0,0.0,0.0
2669,Main @ Seneca (,3,21,0,0,0.0,0.0
2670,Seneca @ Main (,3,21,0,0,0.0,0.0
3111,EShore@Burd Hil,3,36,0,0,0.0,0.0
318,SouthHillSchool,3,11,0,0,0.0,0.0
4708,Dryden Rd @ Joh,3,43,0,0,0.0,0.0
4734,Rt 38 @ Keith,3,43,0,0,0.0,0.0
4776,DrydenCntrlSchl,3,43,0,0,0.0,0.0
4780,Freeville Rd @ ,3,43,0,0,0.0,0.0
572,Elmira @ Butter,3,67,0,0,0.0,0.0
5730,Slaterville Rd ,3,52,0,0,0.0,0.0
5771,Caroline Turn-A,3,52,0,0,0.0,0.0
704,Chestnt@Sunrise,3,"14,14S",0,0,0.0,0.0
901,Cayug@Cascadill,3,13,0,1,0.0,0.3333333333333333
1145,Stewart Park 22,2,22,0,0,0.0,0.0
1377,The Parkway @ N,2,31,0,0,0.0,0.0
2555,Trumansburg Rd ,2,21,0,0,0.0,0.0
2573,Tbrg@KrumsCor,2,21,0,0,0.0,0.0
3558,University Park,2,32,0,0,0.0,0.0
3725,Warren @ BOCES,2,37,0,0,0.0,0.0
3741,WarrenRd@DartDr,2,32,0,0,0.0,0.0
3747,Warren@Post Off,2,37,0,1,0.0,0.5
3947,Guthrie,2,31,0,0,0.0,0.0
4328,RR@Main Fville,2,43,0,0,0.0,0.0
4361,Main@RR Groton,2,"40,43",0,0,0.0,0.0
4707,Dryden Rd @ Yel,2,43,0,0,0.0,0.0
538,Cecil @ Mary WB,2,14S,0,0,0.0,0.0
5711,Rt79 @ Tower Vi,2,52,0,0,0.0,0.0
5715,Sltrvl@Lois Ln,2,52,0,1,0.0,0.5
5729,Sltrvl@GermanCr,2,52,0,0,0.0,0.0
5734,Slaterville Rd ,2,52,0,0,0.0,0.0
6343,DanbyRd@Miller,2,65,0,0,0.0,0.0
6357,Danby@MichgnHol,2,65,0,0,0.0,0.0
6368,SDanbyParkRide,2,65,0,0,0.0,0.0
721,Warren Pl @ Hoo,2,14S,0,0,0.0,0.0
721,WarrenPl@Hook,2,"14,14S",0,0,0.0,0.0
733,Meckbrg@Conifer,2,20,0,0,0.0,0.0
785,Tburg@Hopkins,2,21,0,0,0.0,0.0
1125,Lake St at Itha,1,36,0,0,0.0,0.0
1371,Northway @ Trip,1,31,0,0,0.0,0.0
1373,Tripham @ Nway,1,32,0,0,0.0,0.0
2315,Mcklbrg@Shefld,1,20,0,0,0.0,0.0
2534,Tbrg@CayuRidge,1,14S,0,0,0.0,0.0
2559,Tbrg@Dubois,1,21,0,0,0.0,0.0
2577,Trumansburg Rd ,1,21,0,0,0.0,0.0
2578,Trumansburg Rd ,1,21,0,0,0.0,0.0
2581,Trumansburg Rd ,1,21,0,0,0.0,0.0
2583,JacksonviPostOf,1,21,0,0,0.0,0.0
2619,Trumansburg Cen,1,21,0,0,0.0,0.0
2972,Taugh Overlook,1,22,0,0,0.0,0.0
341,IC-MainEntrance,1,65,0,0,0.0,0.0
3721,WarrenRd@Chris,1,37,0,0,0.0,0.0
3727,Warr@WarrWoodAp,1,37,0,0,0.0,0.0
3901,Hanshaw@Warren,1,31,0,0,0.0,0.0
3908,Hanshaw@Muriel,1,31,0,0,0.0,0.0
3931,Hanshaw @ Sapsu,1,31,0,0,0.0,0.0
4316,Railroad @ Cook,1,43,0,0,0.0,0.0
4328,Railroad @ Main,1,43,0,0,0.0,0.0
4360,Main @ South,1,43,0,0,0.0,0.0
4517,Pineridge Apts,1,43,0,0,0.0,0.0
4543,Dryden Rd @ Min,1,43,0,0,0.0,0.0
4779,Freeville@Lewis,1,43,0,0,0.0,0.0
536,Cherry St. @ Ar,1,14S,0,0,0.0,0.0
568,366Elmira-Spdwy,1,67,0,0,0.0,0.0
5707,Slaterville Rd ,1,52,0,0,0.0,0.0
5754,Boiceville @ Sl,1,52,0,0,0.0,0.0
5788,BDale P+R,1,52,0,0,0.0,0.0
6330,Danby Rd @ Comf,1,65,0,0,0.0,0.0
6344,Danby Rd @ Mill,1,65,0,0,0.0,0.0
6358,Danby Rd @ Mich,1,65,0,0,0.0,0.0
6712,Elmira Rd @ Fiv,1,67,0,0,0.0,0.0
6720,Elmira Rd @ Enf,1,67,0,0,0.0,0.0
745,Hector @ Fairvi,1,20,0,0,0.0,0.0
745,Hector @ Fallvi,1,20,0,0,0.0,0.0
747,413 Hector,1,20,0,0,0.0,0.0
747,413 Hector St,1,20,0,0,0.0,0.0
748,412 Hector,1,20,0,0,0.0,0.0
750,Elm Street @ Ha,1,14S,0,0,0.0,0.0
927,Cascadlla@Third,1,13,0,0,0.0,0.0
932,Hancock @ Third,1,13,0,0,0.0,0.0
954,Hancock @ First,1,13,0,0,0.0,0.0
